x1,x2,x3,x4,x5,x6,y
0.035117117967351674,-0.3944888382634907,0.8467525649041293,-1.0,0.5296180590694048,0.9479345923582901,-2.6910243814859363
-0.8299616525955729,-0.6533996236901823,-0.030879886730995454,-0.36299121190261996,-1.0,-1.0,0.3578591688291364
0.22412615714140702,-1.0,0.10506173042363576,0.4526644999758208,0.6648910201218512,0.7525542103317049,1.4296795576103651
1.0,-0.2453468106372818,0.8502411720664365,1.0,0.8186155806778019,-0.2341613652906935,-3.194791208400431
-1.0,-0.1424952546920365,0.8339652395873709,-0.21837952529110272,1.0,0.9354875568636642,0.7441751787481097
0.18740539481767837,1.0,1.0,1.0,-0.00964095040043539,-0.25213395470451955,-3.2589305744957344
-0.6596809944009683,1.0,-0.18534878338513838,0.7974702223772159,-0.7673693423942569,-1.0,2.4642320458615736
-1.0,0.9478877304547413,-0.04342498365147729,0.029032570587691597,-0.5610783428064802,-0.46409789882063673,-1.6198129172597526
-1.0,-0.4124837259915808,-1.0,-0.31759000640373247,-0.4135689728264913,-0.2759376763622476,-2.680878554946503
0.7990560418670662,-0.6072394209133339,0.7017735473629639,0.9728619480318341,0.4130390880389753,0.5907463038000518,-1.1792390799813603
0.04487424890608205,-0.03528864879676134,-0.08393244191654192,-0.32245586954362826,-0.6326262486393103,0.9323096944760282,3.018198220811967
-1.0,-1.0,-0.26164290617242836,-1.0,1.0,0.23802821495876914,0.034472781138841335
1.0,1.0,0.9635538523315437,0.7333297792146488,-1.0,-0.766129092698875,5.713990177179873
-0.552921719610264,-0.7314646876863016,-1.0,-1.0,-0.5669657412809106,-1.0,3.871435827863843
-0.9813338901930687,-1.0,-0.529109172336209,-1.0,-1.0,-1.0,5.867494763183949
-0.9099260534406779,-0.5026321222301122,-0.4422146907894229,-1.0,-0.5775056851725616,-0.4100135532801784,0.1478535243416609
0.1756868642180589,-0.6946449290494211,0.7757905835281599,-0.23754983058371143,-1.0,-0.8974683145076381,4.840881600574273
-0.04303439606355974,1.0,-0.4657662752384388,0.2082116891148454,1.0,1.0,8.618869174108431
-0.9805447518205468,0.5241626121759435,-1.0,0.9572517608130984,-0.055182249232157976,0.6427297313229245,1.3150389914985166
-0.23603182641869058,-0.8647405025163466,1.0,-0.9524658694896257,0.7822593360448309,1.0,-3.3559987153246382
-0.19530515442288515,-1.0,-1.0,0.5070295935089039,-0.8812516418642348,0.16612955062086132,-3.604274034641519
-0.09937842035772038,-0.31767843682340524,-1.0,-1.0,-0.0073679135893152115,-1.0,3.053760805078552
1.0,-0.1957400734005985,0.8410456754355955,0.5468031719655152,0.9871616705356618,0.8365843571346048,-3.9525258188076706
-0.13525127016136285,-1.0,-1.0,-0.7128380288016842,-0.18127008841370695,0.19380013719858225,-2.327920276260584
-0.13098933898719167,-0.3544124281771195,-1.0,-0.7873393560700116,0.0607247776101737,-0.022106513784021398,-1.6273666635996098
-1.0,-0.17611249199669154,-1.0,0.46928834602237474,1.0,0.9617672756870788,8.224895600898702
-0.03463457646659185,-0.5245289094664567,0.060379321072076886,-0.6226731748686658,0.025259376698994696,-0.18742510972101734,1.2636729354281537
0.24483018871983395,-0.407903421522143,0.474462153936186,-0.1659797148220717,-0.43421708224225186,0.31337188072309186,-0.34568166075402385
-1.0,-0.01815433506202313,-0.1828086487802295,-0.8133897837063538,0.24599597700510634,0.9553345784784051,2.9806063214338776
-0.8381543501527813,-0.9750858388594027,-1.0,0.16351971184494918,-0.31040894696954796,0.19920463256292142,-4.033396606374494
-0.3025126009026396,1.0,1.0,1.0,1.0,0.36928499042682217,-6.987377939655387
0.8854893186498054,1.0,0.7022215195354242,0.6103189762841794,-1.0,-1.0,5.737879255447763
-0.7275204459893658,-0.12126038198737266,0.0375279379997695,0.5306254773940015,-0.8464415511463139,-0.7506955449868062,-0.007989928563710114
-0.5582914860241861,0.5097712252726156,1.0,-0.7528616708608848,1.0,-1.0,1.174120268504995
-0.2314821364382057,0.025385314590672614,-0.6622923350238386,0.9333925825560814,-0.017548494704487938,0.927443368674179,2.6768690121838
0.4326839206583284,0.19086522259220584,0.43903315803811993,1.0,0.3759120970944596,-0.6867552497273104,0.470660611980387
0.7320190556154367,0.8880594365718822,1.0,1.0,0.07618795298802256,0.4239981260822606,-3.486950152367139
0.5081077394787035,-0.8633498775638234,0.06585260434877993,-0.48152035964263673,-0.5605947208551958,-1.0,7.055848362433586
0.31863117399269136,-1.0,0.4159354669304651,-1.0,-0.0641923989800475,1.0,-0.33361878754085306
-1.0,-0.44198221639667556,-0.8572039278954011,0.4703160922541286,-0.7654337913967306,0.162229549493909,-2.7190330202572
-0.03310236631459906,0.3003530098166572,-0.47657152663550023,0.6718906448898099,-0.38420053801593435,0.4067960597450071,0.47855913375776593
1.0,-0.03637967096155448,1.0,1.0,0.20477311010928678,0.32309622879504274,-3.455843910690482
1.0,1.0,-0.2985653292537065,0.7376554479050108,-0.7291896163732686,0.054867610697188485,4.1484265043722734
-0.2581963774003524,-1.0,0.0932418968250619,-0.02986466144573241,-1.0,-1.0,2.397262218772826
1.0,1.0,0.8575825020423549,1.0,-0.643640583327891,0.5032553137729092,2.133480547963816
-1.0,-0.5910822989281451,1.0,-0.45801762116081424,-0.9532262517933014,-0.693514905603164,0.003735686691938349
-1.0,-1.0,-0.844277114273957,-0.23044204967669857,0.5630919682878825,-0.6224681865316255,0.6705613216483454
-0.7357829859785173,-0.02623579349633398,-1.0,-1.0,-0.3375104970004119,-0.4917389170248426,-0.6468063626476908
1.0,1.0,1.0,0.7001331506128428,-1.0,-1.0,6.0813975871285
-1.0,-0.48282976016482215,-1.0,-1.0,0.2630357418638186,1.0,3.4345446786953135
0.750418542055905,-0.7724578603495693,0.20269643335585355,-0.13583797791395347,-0.8201725857817457,-1.0,7.1406649288469595
-0.785674824288639,0.5645422461685545,-0.6452208365642331,-0.5138413358474139,-0.3072350658270038,-0.5089579960538775,-0.3800669371236352
-0.8119287573985934,-0.057973002724232,0.47902692707333533,0.1316679807191199,1.0,-0.428104224639253,2.8950333495351344
1.0,1.0,-0.35655956793105226,-1.0,0.9204284927151769,1.0,6.151031715290681
-0.01715524818704206,1.0,0.5370165779111553,0.7592934127974185,1.0,0.35632507237668576,-1.2306248100199149
-0.6606167633169865,-0.7942804062892594,0.03756063890247863,-1.0,1.0,-0.9772111139456664,9.01596995583485
1.0,1.0,0.6800126060392775,0.7501806529331708,0.1855015750001966,1.0,-1.1826836086764199
-1.0,0.29472492188275823,-1.0,0.5788158851967202,-0.02620794769934931,0.6436370769265898,2.801620341733097
-0.2651768997834173,-0.07522591728329756,-0.3340507337177592,-0.8756592149223361,0.685403829779023,1.0,4.879094472692117
0.9525506410608391,0.8572735356692827,-1.0,1.0,0.7805125997577554,1.0,0.44029824209697754
-1.0,-0.3526942330704506,0.16666152535570472,-0.17876102046339426,-0.8441457385830231,0.530346260870998,-3.4044011118130064
1.0,1.0,1.0,1.0,-0.34264587175581274,-1.0,4.3284304137139396
1.0,-0.029892832681782222,1.0,0.9996929395404821,-0.1264230399352475,-0.772127088331299,3.0795042526157146
0.2630065950930313,0.27261679359032825,0.3260913217067073,-1.0,-1.0,-0.07678701652831088,3.5134668778815454
-1.0,-0.03822521637503917,-1.0,-0.23767309188136565,-0.6059589181709693,0.5223773245204416,0.5856398364330662
0.9019016410809464,-0.5306176650922587,1.0,-0.5554081871572983,-1.0,-1.0,9.417340871653238
0.5505835483667234,-0.19983917793541917,0.6476656848979372,0.5077713354504205,-0.5231157595515172,0.48648571389742534,1.6767387473880575
1.0,0.7858600256983572,1.0,1.0,0.40235246878246,0.8637884943700276,-6.264835253768877
-0.07713691985489063,-0.08380515434922653,-0.19796593292558307,-1.0,0.7662773123332374,0.05540922751283189,1.3228736630236464
0.20174516074973775,-0.831528171695274,-1.0,-1.0,-0.6903025830277884,0.10154887268524151,-0.014712269749997953
1.0,0.40239382156805453,0.31049668230469973,0.1458393420756,1.0,1.0,-0.0491732493011645
0.7180717269806051,-0.8472655783841812,-0.07053604699543857,-0.1967938235158665,0.6879165323926413,0.8731625640616891,-0.8413679292744025
-0.8314996068949105,-1.0,-0.5936972724775759,-0.30985500328976096,0.7975772268561894,1.0,2.734032629844394
0.9604309644720115,1.0,1.0,-0.10451307310440272,1.0,0.11863104082318732,-4.5985443804490265
-0.7089419688766132,0.9030389298061945,1.0,1.0,-1.0,-0.34331418088976096,-1.4374915604146952
-0.39097352136257946,-0.3221921543028232,-1.0,0.1853603237408089,1.0,-0.06676166129235624,-0.567577085742504
-0.14149428401841202,0.629114148983263,1.0,-0.41288899962558157,0.5955853912853747,-0.022899278163029155,-1.1679882106501291
1.0,0.5149323421404008,0.25618904593041736,-0.03588591370754507,-1.0,0.20227906375506766,3.1035368163741888
0.23156842429634986,-1.0,0.052870736764407844,0.31604254588807945,1.0,1.0,2.400523035551905
-1.0,-0.5862675646187434,-0.5784929147503857,-1.0,0.07708267471210425,-0.5195454312427308,0.45186194052576556
1.0,-0.403881657318706,-0.2596449590937899,0.11805258016077459,-1.0,-1.0,6.23952811596857
-1.0,-0.9046255473121532,-1.0,-1.0,0.6548289035906432,1.0,-0.6050605277960927
1.0,0.9982045967109328,0.10439252650476812,1.0,1.0,-0.10564966417719801,-1.406743670345372
1.0,0.512318644028753,0.534551317545422,0.5851375746433178,-0.30319917578654954,-1.0,5.683941821873433
-1.0,-1.0,-1.0,-0.9954312545011867,0.7306277911042405,1.0,-2.862901300315875
-1.0,0.3296861970630398,-0.7861729464385749,-0.4786049352586317,-0.31963221879107584,1.0,5.107789540147271
0.1695134846873727,0.6898912349584694,1.0,1.0,1.0,0.4903900027267889,-4.889855072370157
-0.7364567707671832,-0.8569500549633029,-0.6992535728697071,-0.23572042349547512,-0.05688135271989999,0.09787819443842483,-1.671387075345701
-0.7027589869964962,-0.8887041813443233,-1.0,-1.0,-0.6427425216246917,-0.49323172256114567,-1.1795129331101208
0.5449768671936221,0.23440929505808716,1.0,1.0,1.0,0.7392491798439882,-3.6888105527601778
-0.7193341821992814,-0.9529914132033643,0.07052075986456985,-0.10469310616185007,1.0,1.0,3.8898466424755513
-0.07109069182527517,-1.0,-1.0,-1.0,1.0,0.15783916414940768,-5.343838391068856
-0.9900400890231218,0.8072991726781396,-1.0,1.0,0.08888665754421843,-0.40759187752823967,1.0482003009853451
-1.0,-1.0,-0.9215895824140448,-0.8918723962440818,1.0,1.0,-0.5933306063782295
1.0,-0.27150195279822686,-0.7315856460950085,-0.5981664893968355,1.0,0.06407629133859011,-2.1691853198584035
-0.6560043711537082,-1.0,0.008895487416649694,-0.8638965729306896,-0.19320511863057566,0.22956654477219818,-1.4885676481724117
-1.0,-1.0,0.6422896595979244,-0.24377706870838,-1.0,-1.0,3.1398222951662693
-0.6465055764673187,0.3807204074132747,0.17190084981602916,-0.24399924158455963,1.0,1.0,4.700388163766649
-0.4979864091936703,-0.750861963092083,-1.0,-0.023797510025246327,1.0,0.6528546909161278,0.9317163680948337
1.0,1.0,0.37224746107442575,-0.21384045677284141,0.6764304801876728,1.0,1.3901870940682735
0.697432952573008,-1.0,-1.0,-0.2456586331421204,-0.5591434168354021,0.18027468684671497,0.13930428975146225
-0.40810663007697157,-0.8633945512838188,-1.0,-1.0,-0.6693062371419363,-0.3766510695492993,-1.1419022930903018
-0.008861629722991538,-1.0,0.7439489312235547,-0.21146043139797105,-1.0,-0.03094621761768085,2.7839008523114392
0.08706202791512097,1.0,1.0,0.04641394111164204,1.0,0.9417756722975406,-1.1878834535402045
-0.3434738702969511,0.8235728427882322,-0.4480521020365239,-0.6600745757630968,0.01771651207173708,-0.8263549600298031,0.1938399313790159
0.03589989110251901,0.9293200179545857,1.0,0.595149072885296,-0.2926111621418841,1.0,-3.6645605214603667
0.0035612520602437137,-0.7208471829328424,-1.0,-0.2136614627669115,-1.0,-1.0,2.8034132183016744
1.0,0.14599704892890975,-0.5623473167522408,0.5105774846549427,0.315693307159587,1.0,1.703694178804794
0.4605583542115481,0.23056595329241136,1.0,0.8326097532087231,-1.0,0.30562702152897514,-0.33135425523572304
0.6987642477657013,-0.021739952830880593,-0.1674562031137986,0.8240044819871638,-0.08715718220222576,-0.2588844211203931,0.772326845855393
-0.7020995529536777,0.705966187202973,1.0,0.18878557221280767,0.2945713996901457,-0.9412823759137781,0.3690069339436941
1.0,1.0,0.11724870756290995,0.19768951577988436,0.34559441706671234,0.6515725044876705,-1.2927392707052667
0.5798107636835689,-1.0,-1.0,0.4331137887440963,-0.4105093977828784,-1.0,1.3509723488239942
-1.0,-0.02813632849170783,-1.0,-0.6881964616344776,-0.28260424759072644,0.8350305862639663,3.2083139948285395
0.008565513799846713,-1.0,-0.30739216257561397,-0.7257487277858137,-1.0,-1.0,5.921791458238829
1.0,1.0,-0.522808839804491,-0.8288907193221161,-0.07381559277594918,-0.9537152817971006,2.382067971528707
1.0,1.0,1.0,1.0,-0.48532964228410846,-0.5350750280333525,2.912465601019255
-0.3138379548153667,-0.7312638254892674,1.0,-0.1768914003698388,-0.9341890243803372,-0.30648303720714165,0.9472080065241042
0.1610625963861096,0.9283240973752667,-0.353107694875984,0.8503944220621915,-0.9278406858037359,-1.0,5.099145636583536
0.6738863362902606,0.465176439285234,-0.04534878939450193,0.7946735878269724,-1.0,-0.9487459702101915,6.054282546823785
0.8996180744098238,-1.0,-0.7510240802109126,-0.46196290492337533,0.3059435374980574,-1.0,1.9872036904482784
-0.16203924641295447,-0.40594742926778066,-0.6548698874296299,-1.0,-0.9437844192398803,-0.5733937221470596,1.1861194982048344
-0.11001380640084868,-0.40194928599207325,-1.0,-0.5364942578292176,0.39024270260859684,0.10919480087917005,0.13255543235451106
0.5389099427434911,-0.9960706282775672,-1.0,-0.9415655252172135,-0.19625412818873933,-1.0,4.308075999045787
-1.0,-0.4869232846357875,-1.0,1.0,-0.3276631884195639,0.11418896704957598,-3.2305163317859673
-0.22373306702439172,-0.43981961158030825,0.2915291691681942,-1.0,-1.0,0.3579548653953588,1.567664478853126
-1.0,-1.0,-1.0,-1.0,1.0,0.7916688441402056,-4.243412402588142
-0.3124549434296726,-0.397689833725541,-0.8413170587746721,-1.0,1.0,0.0425741490810978,0.1382963947614957
-0.26349640858155604,0.5505589545294673,0.5049889634688919,0.15117280312911907,-0.0692268646883194,0.15914462457293094,-0.7543143765169353
0.4285227834008005,0.3844825688666811,0.1362492415635208,0.3450696620849792,-0.20789986795870993,0.2227964462221309,1.439463404844493
1.0,0.5815815785977922,1.0,0.9058572804154625,-0.007574596595464667,-0.5439720345733755,1.4935363937998456
0.9336250722207773,-0.6728736083063264,-0.03694531654878713,-1.0,-1.0,-0.9004602340557697,11.21009612770784
0.5194819519111498,-0.8427369698063165,-0.6106675220966219,-1.0,-1.0,0.19517036898317242,5.0293673899683515
-0.6947453556141229,-0.14897344807007468,1.0,-0.5717110223586566,-1.0,-1.0,-1.9694814388622153
1.0,0.5483553827977503,-0.7669756113152372,-0.780767138464812,0.7551701018016578,-0.6891237767187375,-3.005234472778449
-0.02547457033692066,-0.8097420861789406,0.6050650777087359,0.365495367594216,-0.04569575856314878,-1.0,4.156205437543578
0.3081436133797201,-1.0,-0.893650329689402,0.1951367105072846,0.4609732410690106,-0.0726322757937845,-2.4140693869760037
-1.0,-1.0,0.6194492114219701,-1.0,1.0,1.0,0.09433233686974064
-0.0775383383095104,1.0,0.10838739333151379,0.32992795013761633,1.0,-0.7312006632751079,2.708295586570184
1.0,1.0,1.0,-0.14298570297690666,-0.0942496596684104,-0.8877353858346467,0.3413731907370208
0.3561112204069083,-1.0,0.0922496984576204,-1.0,1.0,0.7563525393562571,-0.58406948712976
-0.4484539344570012,-0.12999344184349515,0.9621002488877483,1.0,-0.5523693887056136,-0.39491285161048295,-0.8929289894742709
-0.1821336816812883,0.7185231691490856,-0.3731857816666188,1.0,0.4396526207613808,-0.6009329961229968,0.3927173549517019
-1.0,-1.0,-1.0,-1.0,-1.0,-0.15738828479382994,-2.104335204913482
0.08167166800123338,1.0,0.41549224873925406,-0.27460037586717706,-0.671981998676258,1.0,3.6824336380571743
-1.0,-1.0,-0.21643437563138634,-0.3283731501620957,-0.23736034134991213,-1.0,3.3079424497682597
1.0,1.0,0.3109672984520522,1.0,0.11954183602038243,1.0,1.5593704241041282
-0.9060726409303322,0.36652289333440546,-1.0,-1.0,0.23346121635830264,-0.9157258649124796,3.766868275374319
-0.09527861308612612,0.019785740798930196,0.744534287247274,-0.11041672183762297,1.0,1.0,0.6940509899526295
-1.0,-1.0,-1.0,-0.280493557185285,0.004340550628852413,-1.0,3.1222004601457503
0.13707570688535897,0.4307864614331498,0.1317352730593242,1.0,1.0,0.30547853694385085,-0.24958499221396713
0.23520887167820814,0.6705489791200674,0.5592676997568105,1.0,-0.2608329861424999,-0.2159692017730887,-0.09768487125356395
1.0,1.0,-0.39644568589449086,0.5596994352362668,-1.0,-0.7510316581302412,6.301661910614868
-0.7739388544350341,-1.0,-0.2716802786547414,-0.46780143875966174,0.2928262982095673,-0.24247177976694734,0.7408498139424382
-1.0,-1.0,-0.4902554783929878,-0.6543210785814128,0.8258045377423542,-0.486296157579898,0.7284219724120068
-1.0,-0.8292431668730964,-1.0,0.7325957256311049,-1.0,-0.9541002659419691,-1.437690277009442
-0.3015089351633653,-1.0,-1.0,0.3906201856924807,0.9582432547619225,-0.041010619199277676,-3.6459777571716994
1.0,1.0,1.0,0.4982652140082735,-1.0,0.11713767638849804,1.9727494336584999
-0.5316884802712436,0.4298262960895659,-0.2862695709705285,-0.04748584496873601,-0.4226874645765833,-0.777607268895809,0.5841409319314265
-0.47223054100488876,1.0,1.0,-0.15000158277682973,1.0,0.9552019675647231,0.2478640003396384
-1.0,0.8751944684604586,-1.0,0.12460249465790041,0.3263120499107386,0.6854080028642142,7.517950396350781
0.511120171921287,1.0,0.3774732118681743,0.22893952692697006,-0.3665343802629851,-0.7208666054521559,0.33402270986685123
-0.04734642144798651,-1.0,-0.8171407010865626,-0.05015162522682004,-1.0,-0.4747482986917533,-0.8642400268968761
0.30700987018394094,-1.0,-1.0,-0.2888169134024048,1.0,0.6841815387373165,-2.437179651965606
-0.5989820035299664,1.0,1.0,0.09432255949354362,1.0,1.0,-1.3303824713219858
-1.0,-0.13971257774615498,-0.953110103415203,-1.0,-0.8013698346043365,0.5215830867194222,-0.7080913399073165
-1.0,-1.0,-1.0,0.3268520916733803,0.8974777694885183,1.0,4.478720892874432
0.44257353584033265,0.20237551798636244,0.010543678250993338,1.0,-1.0,-0.23855395049066574,2.1100375864766003
-1.0,-1.0,-0.024824064745289975,-0.13431461599235495,0.6946499090158313,0.291097670052215,1.0805515577184077
-0.0887565461073273,0.29097314198100116,0.7824336968814308,-0.42598984092952347,1.0,1.0,1.600499194288874
-0.6695495679018708,-1.0,-1.0,-0.5220002680491713,-0.7352178988220963,-0.08036771802729231,-3.487498921405126
-1.0,-1.0,-0.7214602014795988,-0.4682181926229081,1.0,0.7930766887785002,0.17271608685923684
-0.4980846292327589,0.5809224366974974,-0.6858420365389681,0.09157706151797229,1.0,1.0,9.940699063028962
-1.0,-0.17537268126436345,-1.0,-1.0,-1.0,0.102428364509835,-1.4802611082316735
-0.6693357480854771,-0.385831604821145,-1.0,-1.0,0.6880327480504094,0.8943980425735916,3.921187432894965
-0.6097880092928536,-0.9837547659306469,-0.24805884308111542,0.3044103764669478,0.4505479190564222,-1.0,3.832287204353649
1.0,0.714526190545868,1.0,1.0,-1.0,0.5807033727799269,1.692980380055724
-0.16575039255608218,1.0,0.6993277410028853,0.24735113394469677,-0.7682168773349323,-1.0,0.04107591169088326
-1.0,-0.10520465638538345,-0.22261836973897575,0.1330515901362197,0.7439928137151032,0.5166483828938394,2.1670467340342685
1.0,0.9525711533076018,1.0,1.0,1.0,-0.007904780593970373,-6.840508524865549
0.1076511701414613,1.0,1.0,0.1906877388393169,0.26050545344209686,1.0,-2.8729862097485332
-0.3123407156906415,0.20719313977655904,0.9571398395262898,0.8587573264529862,-0.42988261293368657,0.4637713312424874,-2.6570244294222154
-0.7241259989536819,-0.17465207323770526,0.5392159086621027,-0.17417295011137668,-0.7592205668629647,-0.5151741551071667,-1.1969153656059097
0.12445207713107895,-0.20477354772131628,-0.41308896197936085,0.5125592886088367,-0.40213555846862137,-1.0,2.8111134049236655
-0.0971146121883385,0.04611435563977523,0.5100545065775455,1.0,0.2781544678118722,-1.0,1.6590923651847693
0.6645621470730725,-0.4169889466589739,1.0,1.0,-0.39976702160694827,0.8896065449779779,-1.3683784119861426
1.0,0.6361364213156133,0.03220013455125048,-1.0,-1.0,-0.13331508287777571,6.372159992997217
-0.4938676174483318,-1.0,-1.0,0.28139157252702013,0.16267197815832013,0.44042375488890895,-2.3750207644619477
1.0,0.7588693089402787,-0.040965735974024864,1.0,-0.6503377477731627,-0.30721534569688747,4.262014052997596
1.0,0.42600183692644356,0.011114012703440368,1.0,-0.9011220076684842,0.49752462330506314,4.190327954286848
0.8279155887824856,1.0,-0.22030451121726724,0.3225791945693476,-1.0,0.08006920386503114,3.179062569394483
0.07553750983447949,1.0,0.5080805662680743,0.5843181842198295,0.4800035488517877,-0.05000490370138566,-1.4695685160265992
0.47430524572574856,-1.0,-0.06365694406380082,0.5465831472875716,0.5714247686342464,-1.0,1.9707417516973216
-0.01584589864858965,-0.05955445877866661,1.0,0.020222980646826927,-0.4165732459785053,-0.7364095469128715,1.2568236930375623
0.7897759466762785,0.2941944899423421,-0.41568416498333755,1.0,0.24643283892120915,0.7303111906073076,0.6451196677156479
0.797431697912051,-0.6125045973898062,1.0,-0.5348183850472854,0.7817745116405501,0.8793319816219729,-5.379290413061003
1.0,1.0,0.19910611252871369,-0.38084269559801337,-0.714058784068633,-0.004421703250976794,2.8668948063313477
1.0,0.4040580161667806,1.0,1.0,-1.0,-0.816517140105194,6.886233481999586
-0.19481647663123935,1.0,-0.030403254576702787,1.0,-0.3580425379638007,1.0,2.4043507322065523
-1.0,-1.0,-0.25090751954636814,-0.22025369884460574,-0.09077306725135548,-1.0,3.3182466195769114
0.48014995843243424,0.7635363238984345,1.0,1.0,0.05074143240050788,-1.0,0.8829904734188715
1.0,0.2912998219781294,-0.43325538375825146,1.0,-0.2833021380124778,0.26538173044737884,1.7022165000138474
0.9451786452352595,1.0,0.4765391338116538,1.0,0.5870709447596243,-1.0,1.8244871726249754
0.04616678895671289,0.7655912874189518,0.06774717837594363,-0.280858227230335,-0.8945444420838967,1.0,5.275921709971779
-0.10299283907203582,-0.3182652976202027,-1.0,-1.0,0.5876475149007804,-0.33866372427889735,-1.1827540156281493
-0.9102152371265787,0.7043898520920571,1.0,0.2913440978168553,-1.0,-1.0,-2.9987635798135677
0.397821923740875,-0.9800982117289965,-1.0,0.2431176411565636,1.0,-0.38394285299588815,-4.618395452059018
-1.0,-0.17599517415379173,-1.0,-1.0,-0.4165294465007031,1.0,5.015682095797558
1.0,0.26133156549083736,-0.14957145860941062,0.4958445265487584,0.4110246594707885,1.0,2.047613798440191
-0.8373147363313335,1.0,-0.8794148427161105,0.6174844928958264,0.0480992262795259,0.5752899110340204,4.212092491399528
-0.2867632572332931,0.29605872846771164,1.0,0.8511187045783739,-0.18008813340253868,-0.6388531250938594,-0.6771798847880517
-0.14651308785201045,-0.04531502914782312,-0.5650890401600526,-0.46075770690699713,1.0,-0.33952295701747925,-0.106924761091643
0.4082126800807562,1.0,1.0,1.0,1.0,0.6027756799714985,-8.379640225401113
1.0,0.8335009973996483,1.0,0.800660949510873,0.7377378320951612,0.22008778711286858,-5.764347315814427
-0.20636042075890915,-1.0,-0.49463614657876853,-1.0,0.22714733907722717,0.41395958195775984,-2.398265926177999
0.29281672545745,-0.6663247647985646,-0.30679994229064045,-0.48423147819180135,-1.0,0.4447295036439201,3.2318368069015424
-0.18607086129461387,1.0,-0.41089416278750757,-0.08393806677812121,1.0,-0.31665748366757507,2.9305731507800585
-1.0,-0.1051811094691174,0.40548140452847015,-1.0,-1.0,-1.0,0.26856184378716763
1.0,0.8551803917643425,0.6928231520588025,1.0,-1.0,0.6205422851392137,3.9047595283797616
-0.31172507798456073,-1.0,0.004628186564914899,-0.3273875581528015,0.4287691172012158,0.5763842289745529,0.8304576734767973
0.17807884977030697,-0.18225607272025302,-0.4801504744908785,1.0,-0.3159908002627464,1.0,4.86070037785283
-0.3378632798966589,0.2573670434272124,0.8776667535181162,0.8940694208950576,-0.3753723119231229,0.23058046078287087,-1.3182157211647976
1.0,0.25311653805257484,0.8703096346390714,0.14237142302500994,-1.0,-1.0,7.18924209492524
-1.0,-0.07308952175021344,-0.7402457709557572,-0.9836814985876223,-0.47945477876468434,-0.18393823597355285,-1.327921610104165
1.0,1.0,0.5910014171623725,1.0,0.6540683141688216,-0.6200250096558054,-1.9947605951035947
0.946462134707716,0.8601447195455878,0.7715902774926089,0.3299606309238796,1.0,0.5556545789131425,-4.634621571147845
1.0,0.5023756746695771,0.30857810155608456,1.0,1.0,1.0,-0.7548296272034832
-1.0,-1.0,-0.6130035257936901,-1.0,0.03134573744650215,1.0,-2.992357119332248
-0.6360058946903739,-1.0,-0.3974708481245348,-1.0,1.0,0.5414245184623457,-0.8513379804564647
-0.05377700639821714,-0.62652387844768,-0.8237858010707934,-1.0,-0.6111375063512169,-0.2978509096366866,0.5793486519554185
-0.11329950353471102,0.23564655290186348,1.0,-0.10702964113392988,-1.0,-1.0,-0.027589284245713386
0.40539333031793345,0.5084025444837588,0.6318496619608758,-0.9276642929733088,-0.8038560454752552,-0.09272560205564706,1.5401955479049794
-1.0,0.1432756042632246,-1.0,-0.8539421694545142,-1.0,0.3775116453611077,-0.08908210918330117
-0.1067612302729587,-0.9757237631953894,0.8925274295049046,-0.07132352166363376,0.7668666033190253,-0.478764248942368,3.2251117043091537
-1.0,-0.15440078281595582,-1.0,-0.7116437110229679,0.29735501382897384,0.9774589956762296,6.350370808788988
-1.0,-1.0,-0.964810850791147,0.005790458921083902,0.07173437105226466,1.0,2.5752178409216477
-1.0,-0.6736940300309979,-0.11705434906009965,0.09164530847804242,0.4091315818157705,-0.513552833782665,2.516947214486746
-1.0,-0.5740662657243205,0.8037235285528248,-0.06530253120766782,-0.07784849814849193,-1.0,3.8857328094941392
-0.15394759152716642,1.0,0.8815534845854094,-0.16151844944031285,-0.4685889725459098,-0.6807019399157921,-2.161024857456179
-1.0,-0.9841954921486524,-0.11568789203879828,-0.8580915054750751,-0.3998287305368633,-1.0,4.296110595989375
1.0,1.0,0.3225351100115874,0.8015203293250956,-0.061379465418291784,-1.0,6.133031228407943
-1.0,0.35945547611264583,-1.0,-1.0,-1.0,-1.0,-0.21444022029832954
-0.4848917394622982,-0.04318394451865598,-1.0,-1.0,-0.40333709181963817,0.39985249349919494,-0.5234118952918948
-0.22177230777305468,-1.0,-0.03936456110249509,-1.0,0.9484611815228755,-0.07148205492736909,1.246335258747945
-0.2784436792785092,-0.23199555968766328,1.0,-0.31858873079066724,0.8576209026882976,0.5163958108076042,-1.0526448744951722
0.7613320566831343,0.14393193490709244,0.1823190639905663,1.0,0.3660165491531754,0.3488100848468406,-0.4942254495339365
1.0,0.12133166758958436,1.0,0.49789773690839745,-1.0,0.05042684839757405,5.205773450721156
0.04928318415071531,-0.18033741001888237,0.3770973706274656,0.6566232043625735,-0.021344351197468914,-0.3467143964158199,0.19334906454415826
-0.8154009567356917,-0.3910090229252547,0.3827753390552945,-0.8263812547169624,0.3967948248755333,0.94526978639631,-0.17786111388079984
-1.0,-0.2881527814896676,-0.5391538173968562,-0.8326771066780643,-0.22454079186789178,0.737911467973033,-0.001843332357130023
0.05737531994736789,0.2128316980809566,0.4278167044244392,1.0,-1.0,0.05373715713870296,0.25208990599088454
-1.0,-0.7348007312719137,0.2706738029738842,-0.7802131436544937,-0.10193730510516774,-0.9484274217508477,4.726142469293518
0.6007079653825993,1.0,0.618569188876414,1.0,-1.0,-0.09551689452378898,3.616687636547598
1.0,0.9105432193985885,-0.8041308642818377,-0.2243809300473418,0.5865217864307449,-0.03153947793218148,-1.3489487785388339
1.0,1.0,1.0,0.13663380628297017,0.11835037810842253,-0.7285331563455978,-2.44856525897068
0.25793764712678724,1.0,0.5992388721726285,-0.5168820351002269,0.06916336335392263,-1.0,-0.4906349317181842
1.0,0.1425378384259448,0.7065590384981338,-0.35638188616819694,0.3857907541457857,1.0,-0.7311006887560523
-1.0,0.0038090058773871394,-1.0,-0.40686551626074785,-1.0,-1.0,1.6377209371133263
0.1392581971566489,1.0,1.0,0.9807789805340361,0.4905388837211151,0.9917896749926518,-6.6280093688117185
0.5498752217856986,0.47515504218317206,0.147661114273257,1.0,-1.0,-1.0,6.0768819206607745
-0.40874482604168044,-0.16236300228654887,0.32680264851609553,-0.14958022116194067,-0.8339106692014735,-0.8028471288745807,0.878198941837972
-0.9449373483087878,0.2452494928358951,0.04516545105280545,-1.0,1.0,0.6245786623092563,5.206926199763676
-0.23599259537626616,1.0,0.7695473948400103,-0.08159196831261384,-0.2321891309984243,-0.489967667702261,-1.0098039042380493
-0.7139953731294322,-1.0,-0.6266534228310165,-0.9515104553605134,0.8590875534716603,1.0,-0.527846607416812
0.6095949321075014,-0.5226961542002068,0.11621865566603418,-1.0,0.7744365504484857,0.4257790996405868,-1.2867335339932748
-1.0,-1.0,-1.0,-1.0,1.0,1.0,-2.1045374522257725
-1.0,-0.5096482850771425,-0.4241414650593416,-1.0,-0.6310230227836757,0.029066774929737083,-0.5620348098225896
0.15115132913482912,0.7567945404946107,0.8878340349074144,-0.28130762639413365,0.37065262231743673,-1.0,0.0023279759831368874
0.11926939485789279,0.7935783713180908,-0.8703854406033511,-0.4605680917393934,1.0,-0.7570047109537564,1.5306605149993104
-0.1584141318610367,0.2161385546098309,-0.01821962776610031,-0.2839398581096996,-0.7909482031618049,-0.2537644127481437,-0.6117763087325478
-0.6648041541860108,-1.0,0.3758056000508443,-0.8273993903773396,-0.9005703167606477,-1.0,5.57351006086506
0.963422643076649,0.1389800310400602,-0.25677491187272394,-0.22796530510011015,0.7128921845518983,0.6344793336635424,-0.9022655172981238
0.45246794826028813,-0.12660603960929673,-0.29670671350258115,-1.0,0.4567833818515617,0.44255632523921584,0.09717213943662839
-0.09840801410655618,-0.19742652632261737,0.2867499627330484,0.44136572933243745,0.011363697423923569,0.2170642690593328,-1.2716892981272323
0.23952536902349114,1.0,-0.8358364106497724,1.0,-0.15551758607471355,-0.9185002684312278,4.618910011020187
-0.184157888628931,0.11504343094883213,-0.18391365110292368,-0.8450409230575924,-1.0,-0.7213159799303949,1.5154660305647427
-1.0,-1.0,-0.9936611564646812,-0.6511344934280104,0.6785827953387964,1.0,1.0446373587224445
-0.9592386624108142,-1.0,-0.6998268901481124,-1.0,1.0,1.0,0.47893671565777135
-1.0,-0.542756347498867,-0.28253160235781904,-1.0,1.0,1.0,4.528551121710221
-1.0,0.694003768189931,0.4760981565346318,-0.4498613748610651,0.6611587288813452,-0.38778170029498926,0.8916401634340029
0.33059599898588976,0.996772504567857,1.0,1.0,-1.0,-1.0,3.26048233933676
1.0,0.8108284881075751,1.0,1.0,-0.8398767686361249,0.0382047215703981,2.914370047701323
1.0,0.5215398984443942,1.0,0.01106853684852216,-0.12360147642752928,-0.4542327359984779,1.9815924017217905
1.0,0.11827203155837684,1.0,0.182583340010825,-0.8343312932117147,0.5463576492051263,2.6645675736708694
-0.27642517324309535,-1.0,0.8836378690450652,0.5471083294206875,0.7640831848360261,1.0,1.9748523700111633
-1.0,-1.0,0.6757235771748108,-1.0,0.17158556013445045,0.1935675014975963,-1.783246727217844
1.0,0.5805902813698252,-0.4372533207602258,1.0,-0.24435001605575013,-1.0,6.91387911000572
0.37709718109810886,1.0,-0.05511257185517432,0.8802846176879006,0.33987721723893916,-0.207268329114905,-0.25343799504270226
-0.5682084373585938,-1.0,-0.33999341150448575,-0.8981796300502938,-1.0,-1.0,5.763882691765118
-0.9809256481206277,-0.32518834575090416,0.17103759364262733,-0.36109728247652584,-0.4303150971792229,-0.46515845276200474,-0.31869174738903977
1.0,0.9458589726216962,0.16187530095780311,1.0,-0.7059714414878145,-1.0,10.525496197649968
0.6702807760237888,-0.6182360599585714,0.5004942612091354,-0.423345233824274,-1.0,-0.16641131862003167,3.4060607161301366
0.6579531921254076,0.5751429991488313,1.0,0.10870042948390157,1.0,0.3904108858722249,-3.1838633808127716
-0.575432259632839,-0.9750471288071556,-0.7224851525605109,-0.8754690677761293,1.0,0.08988405443051173,-2.341111456030165
0.057655564514648094,1.0,1.0,0.8857346551934193,1.0,1.0,-4.877571969875437
-0.06213243957888048,-1.0,-0.9675709298169399,0.16139841727482152,-1.0,-0.6522697121977714,-1.4495478776425175
1.0,1.0,1.0,0.9889415872428059,1.0,-0.8284493845276832,-6.06673407132028
-0.251072803804203,0.2170198952047675,0.5663284988151043,-0.3434936447035691,1.0,-0.17282624663292123,0.6524095397400125
0.8817530358458614,1.0,1.0,0.3381432594935827,-0.25440473548187903,0.4328648143836488,-2.006542948275456
0.2842730201759829,0.17021848385363025,-0.508947460363182,-0.2508185928232166,-1.0,-0.8039945743126842,1.2210434807755282
0.031920507417471156,0.05651295584010556,0.9611913702600456,0.09643312436945622,-1.0,-1.0,0.826015019101878
1.0,-0.006624741778394561,0.01229390151136231,1.0,-0.12696922431411972,-1.0,5.910456703874176
-1.0,-1.0,-1.0,-1.0,0.22694335742285404,-0.22732156408476512,-5.838171474652119
1.0,1.0,0.7828980485946138,0.9732555762635301,-0.6198991033985073,-0.42511036548810927,3.3808475533365696
1.0,0.3119738288347265,-0.24255244313616675,-0.4555785973275899,-0.8801789936039857,-0.2892964964615708,3.6499858173476096
-0.5966100863397646,0.6145381261544911,-0.5900631481951687,-0.7312933838463083,0.4909824487545787,-1.0,3.0462919798216954
0.8983953797309181,1.0,0.7200771381248305,-0.23882511075254487,-0.05449658044070149,-0.6768782747707759,-0.28487912007090344
0.4410635214179126,0.9114828376853479,-0.29789088868321234,1.0,0.7971013671251057,0.8465818636936235,0.997844139555266
-1.0,-0.3133371195039292,-0.614518134788932,1.0,1.0,0.11302046062143534,2.7672803969409765
-0.6975592939393114,-0.7694462788386738,0.2834821462845447,0.5411725869981197,-0.39729615946563823,1.0,1.2957008331272615
-1.0,0.9975641156894539,-0.6239633079317219,-1.0,-0.9593596663899202,0.19617941288207819,2.292081517803334
-0.6901015911695099,-0.8187164560798993,0.08527806786522807,0.40300301388962584,-0.4402639807354885,-1.0,2.566304985583247
0.7476280811620184,0.4742109403210442,0.11235272087686149,0.4177904614279521,-0.631830727470588,-0.3208230614778771,2.7117821961157853
1.0,0.6375551944773281,1.0,0.3065126594174574,1.0,0.684890352819741,-4.941228766223535
0.42338820454980075,0.9923496316027752,0.4266378376668496,1.0,-0.7669485763030683,0.28371589984785606,0.8210034888330807
0.4315249267587866,1.0,1.0,0.25463356877569376,-0.6248590773235394,-0.47073945129692674,-1.5581366798649388
-0.7993513107867749,-0.12605530402363863,-0.7079762490944141,0.7974552780156782,0.6012285216060296,-0.030852598958479235,-0.3362318444923072
0.4232528183231802,-0.7642208852740691,-1.0,0.5788454854611487,1.0,-0.19056619154707685,-3.1437062761890484
-1.0,-0.6361376690033969,-0.687969099690022,-0.6424326775989728,-1.0,-0.1949470442024408,-2.4129609978541966
0.557681014536034,1.0,1.0,0.3235617621308131,1.0,-0.11262971044621584,-3.7710283377492035
-0.4201804176637848,-0.006436515907453727,-0.36596453548315266,-1.0,-0.8872023318534081,-0.5795022436245432,0.09543668624445184
-1.0,1.0,0.5839098007106651,0.49938494208100054,1.0,1.0,1.550643995821046
-1.0,-1.0,0.8990911990301291,-1.0,-0.14192560214026428,0.9676320422413438,-5.331360998232699
-1.0,-0.9875698632191503,-0.4647543200405211,-0.5374879343805673,1.0,0.570654000726368,0.3837895976165377
-0.5201351785851853,-0.3945671308184644,-1.0,-0.33290279626291763,0.7532561218701085,-0.5993166299881165,1.4463138828015012
0.4829777077798454,-1.0,0.4973212929653431,0.36364694045414653,-0.5223894145743175,-0.830605566649284,5.567996879018722
0.27512932922789823,0.024742073551356603,-0.5712995104731571,-0.7413414965693457,-1.0,0.15751285448914654,1.4372728767589558
-0.9164699883485092,-1.0,-1.0,-1.0,-0.6890841315366403,-0.15484722416401114,-4.070811576633163
-0.6727883788346349,-1.0,-1.0,-0.49065455983822015,1.0,1.0,1.9667925178573025
-0.512013922457109,-1.0,0.18973805844587932,-1.0,0.6643400360849573,1.0,-0.2982402431037605
0.19850740397628608,-1.0,-0.4586782181593341,-0.5591143336055117,0.2784718820830131,-1.0,4.6897414819761565
0.8951392540915741,0.762362044094232,0.35348390734601165,1.0,0.3748007565881204,1.0,0.3627806121037076
0.10348129780620363,-0.3430117196083802,-0.44094632106040754,1.0,1.0,1.0,6.174491241912441
0.911185899442591,0.5354592824597805,-0.312779184360676,0.4716244639014926,-1.0,-0.8303337512322948,4.809954784170629
0.6942263178817154,0.2890294417765704,-0.8398871519356776,-0.7283739028693677,-0.4279105868806141,0.9401104986265252,5.813766666313894
-1.0,-0.7942925738413809,-0.2835987572931027,-0.06686632391958125,-0.1767907193746434,0.34693658688411344,-1.1867124766383963
1.0,0.2417397016648588,0.8442191539111918,1.0,0.20722592445773147,1.0,-2.4007438553079186
-0.436516229397562,-0.42048693932817566,0.6833119431741184,-0.25023047714064495,0.937309963186432,0.3896304490668664,0.763647395281903
1.0,1.0,0.17016854754982186,1.0,0.4452761291833317,-0.3390707734879538,-1.3319640197252471
0.11627012989502494,-0.5407996096293739,0.02109359816488554,1.0,0.4943231726722653,0.9771138278382288,2.996871830371435
-0.2656914079847452,1.0,-0.992982056223042,0.39313600760356837,1.0,0.30831195766365044,3.5996332333653474
-0.21444646061315165,-0.006749232567715646,-0.6413975625578701,0.3740727055048633,0.23239274279108368,-0.6280721909333106,0.6044401505037705
-0.6684304373768322,0.13004273335845173,0.07709873045334081,1.0,-1.0,-1.0,0.9309067091921392
0.3743381812255304,-1.0,0.46509082584686956,0.5867059103263534,-0.42903872500428286,0.9532886840675661,4.096505033783524
-0.941032864688601,-0.7434269397351128,0.3357690798698947,0.6170535610930865,-0.1709177180529854,1.0,-0.013635298675237717
-0.7883775300625602,0.45823758856867935,0.3450356669244768,0.4676505649055701,1.0,-0.9540933990658768,4.625248237730572
0.6440197892512631,0.11675133669815452,0.47325624004031486,-0.5977242931774375,-0.10953692148248984,-0.49664060785820285,1.79572555924008
1.0,0.6192304309834382,1.0,0.3216319202136071,-0.1872743050395601,1.0,-0.9974014523639536
0.09001939370969625,-0.22099009336024267,-0.2752105919576622,1.0,-0.9112256010926252,-1.0,3.39491999276544
1.0,1.0,0.327538510284589,-0.3948142304636245,1.0,1.0,1.914108176149086
-0.8965456294613375,0.47105202512454447,0.6466087917678126,-0.09751997263556783,-0.04388889488444997,0.4493154118116658,-0.6753255781814631
0.6336307599020568,0.5333449200086835,0.32580666803467273,1.0,-0.07513872267730237,0.8915855090650343,0.4927259538655858
-0.06608694386753944,-0.26550527803613044,-0.29724376893453663,-0.8810658275548033,-0.24945336441284338,-0.6706735660346165,0.8678254158183691
0.7598575953649187,1.0,1.0,0.35392699545941264,0.7342802482947716,0.4221951213786572,-5.153355995909846
0.4049397264624057,-1.0,1.0,-0.9580766071004547,-0.46392563506692763,0.43300229986144806,3.0804222571964113
1.0,0.673067948916352,0.887335462872102,0.198920811957273,-1.0,-0.743321699614917,4.78963059296464
0.5382922949792145,-0.25501049609850474,-0.1302327172735807,0.7494351753598997,1.0,1.0,3.255641610601127
0.3666981598479191,1.0,1.0,1.0,-0.8071013600911036,0.22379981412599537,-0.874966154210377
-0.6923921348135201,-0.08459992134377409,1.0,-0.9047493202724809,-1.0,-0.851754896117564,-1.2735443702289333
1.0,1.0,0.8161127015915197,0.6582485402286682,0.1940885952315783,-0.48557027977828726,-0.6364002186874651
1.0,1.0,0.8086782288389369,-0.37982482975221166,0.12940477892538893,1.0,-0.5335108848592718
-0.18736856451422956,0.47029485802104126,-1.0,-0.400479297288758,0.9585092918893194,0.1769685767856488,1.335370870879479
-0.4811121378621519,0.28255197699423995,-0.18619817489570423,-1.0,-1.0,0.4997167112657549,2.1017965172768758
1.0,1.0,1.0,0.46006767703151863,0.6396535156271002,1.0,-6.853069035529483
-0.28398124954095083,-0.9749391757415427,-1.0,-0.16460467308739446,-0.7069955207510206,0.11276916973666662,-3.203531231104045
0.3855539436740206,0.7229831424316997,0.873001034887986,0.11978523290665835,-1.0,-0.8828104138236899,0.9268182454818961
1.0,0.42751618660747326,1.0,0.5130190514652807,-0.8736267137659082,-0.5015089255283396,5.8759055355645415
0.702159745544477,1.0,1.0,1.0,1.0,0.7668553917762684,-8.743666037477691
0.5837898953098526,-0.8036816007340354,-1.0,-1.0,-1.0,-1.0,7.867472627833905
1.0,-0.2278659127756657,0.9413019003142609,0.3364915434989005,-0.07963261374101138,-0.3327092893660397,2.335778285079195
1.0,-0.2774851156736651,1.0,0.1715937697739297,-0.8154446930045456,0.44519002633175975,2.976877001595513
-0.00026253983812618564,0.48361368060221177,-0.005410297155518218,0.38361628708881856,-0.662608813516504,0.7114374039222165,1.1399433771592236
0.1401700638118707,0.3985424467021912,-1.0,-0.6912766273904926,0.40707523897132036,1.0,6.533325219126896
0.07874897119552204,0.7367170031049629,-0.8976856034060595,1.0,-1.0,-0.6902020239754116,1.9955329877266617
-0.8752825212442006,-0.8587225326755528,0.8660589041551431,0.7588362720476576,1.0,0.026511891982768376,1.2116124778653312
1.0,0.28556642801622867,0.13486189917589964,0.10641101021337535,0.20407664736510478,-0.1824709440645917,-0.8088782128665977
-1.0,-1.0,-1.0,-1.0,-0.294997069337363,0.12472771147744688,-6.432491336772284
0.663535541509569,-0.7201406071441583,-0.4351417343398911,0.14033357157691656,-0.48584694675078055,-0.8356203576919705,3.098988398487912
-0.1946027282356964,-0.17911943722303197,1.0,-0.028099470097473767,0.23450561294722005,0.3555908668590875,-0.8569735326634432
-0.6053068031074502,-0.773981343790769,0.27930974139982534,-1.0,0.11839743332962721,0.03176245235968482,0.6824052420008468
-0.0075057264256545575,-0.468368915099175,-0.6105073624017676,0.2645837868283635,0.6467609872132576,0.10687823173040617,0.7630297764178096
0.2891798932945927,-0.3875238846234276,0.35126681852391695,-0.6187213766882544,-1.0,0.1101916976033005,1.189282096685542
-0.11158716221027742,-0.550497803754613,0.2787417125440471,-0.3838339488427034,-0.10611080267280282,-1.0,4.587782273018501
0.7869416503202471,-1.0,0.5580960128992215,1.0,-0.13140484093974092,-0.34152868878540993,3.179603928855904
-0.7122343112144646,-0.3690755814314208,-0.8072886381866466,-0.5554633399131271,-1.0,0.6597786040824215,0.9028424748029763
-0.31434234006368134,-0.852882304789584,-1.0,0.8423701256707479,1.0,0.9481400759916804,5.9012247493789465
-0.007901597889641343,-0.15996380190759227,0.7906263095496631,1.0,-0.6908121055782612,-0.264459423532599,-0.2647287725566157
0.5543382389815892,1.0,0.29711005288395975,-0.2466616136607197,-0.5549142745920631,0.8294745953479425,3.256376258736544
1.0,1.0,1.0,0.4997533696359846,-0.005066882229866149,-0.47473228260798994,-1.0601927701136793
0.5245241281576217,-0.8034015362977709,-1.0,-0.024506144687758136,-0.1933416626290997,0.9147349666130051,2.877828888132074
0.836778489551719,-0.43947201468400365,1.0,0.6756451499362597,0.5458627637130935,0.5980826743295224,-3.6539274536257187
-1.0,-0.3250641067887104,-0.39356213078410385,-0.20246995761896303,0.16478816077334035,-0.18185138480001595,0.42818807510147566
0.018768483779686873,1.0,1.0,0.9388295243838013,1.0,-0.39776911650926294,-6.697184650381645
-0.5303686744688455,-0.6937435550079918,1.0,0.2512857772284001,1.0,0.3718277549891036,-0.6504278805306243
-0.5726394231186225,0.11012995305801421,-1.0,-0.07735492047419146,-0.27662614332209323,0.7751895014601378,4.0532898403275786
-0.8395261524590638,0.7568131690923571,-0.7939540399372381,0.8621727103046101,0.3922000737723253,-1.0,5.222195319281193
-1.0,-1.0,-0.7876922932972596,-1.0,0.43224276039436876,0.1054347896836487,-6.0743654781725285
-0.34903434634277053,0.24992693176639091,-0.2655030317397696,1.0,0.5887121908188679,-0.6735827113124713,1.5277576454269697
0.7560222010853517,1.0,-0.47821072341297566,1.0,-0.7667668096543606,-0.24995079984159352,6.117565929201649
-0.6393991709669229,0.17022703811783357,0.07272182954866996,-0.15866145755515929,-0.7995386753084582,0.252429628236227,-2.121754321054431
-1.0,0.4887188246616754,0.26242932233204086,-0.4500573917512449,-0.7709491109378439,-0.35954836585670624,-1.9376523445810154
0.3040192055896547,0.7079357008469406,0.6589075120945251,-0.15284949409586102,0.8865017736017831,1.0,2.398533895530382
-1.0,-0.8057603929758719,-1.0,-1.0,0.5117856152210649,-0.9139162487763024,2.2914038531725587
-0.25270643618434896,-0.49038503365007974,0.32747011986827546,0.855540308968112,-1.0,-0.1490323331326458,1.3306507682893982
-1.0,-0.2650821621525987,-1.0,-1.0,0.3138127295598485,0.9858457170209082,4.439167437086479
-0.5859645418355841,0.036627592925778774,-0.8171176156010502,1.0,-0.5248643002073965,0.7252635112023431,1.041099408417423
-0.42852232613214425,-1.0,-0.15878473716300534,-0.4665189226908908,0.7708405646377459,1.0,1.7587234483237724
-0.07321063967231595,-0.6133505213679294,-0.4390699726239119,1.0,-0.21414634597746873,0.5952091071379025,0.6891992143506342
-0.549856976524853,0.6599222584796129,-0.12697796654914167,-0.16084900727389795,1.0,-0.48298502208501126,1.2622884477197958
-0.9958663721220408,-0.27651213845426176,0.037187983594853646,0.08029710849695926,-1.0,0.08503959237876452,-2.812654444961615
0.842899857859593,0.9402300813683464,1.0,1.0,-0.5437873628115678,-0.8644830408346613,4.027701543338697
-0.21748372566150065,0.1379280350074816,1.0,-0.123029325412633,0.18047105668756722,0.05366265379782309,0.2605837814467765
0.14990194247285138,1.0,0.7284492698576419,0.18452776899808376,-0.03628382299678967,0.7231094027494236,-1.3919462042781126
0.12058810457484592,-1.0,-1.0,0.4966661080236989,-0.4175816283167685,-0.6877091988880969,-2.4482614255865123
1.0,1.0,1.0,0.05097624232213249,-0.6474587202743203,-1.0,3.1564860427763426
-0.8689078763481884,-0.5132308486383717,-0.6458869418187435,-0.3033373556142606,-0.590881671468066,0.36574748765103177,-1.8685636145060018
0.13618287554862493,-1.0,0.3277972236766418,-1.0,0.18714047311171117,1.0,-0.8605971004304497
1.0,-0.2812906314370196,1.0,0.7435313457117647,1.0,1.0,-6.438193008774938
-1.0,-1.0,-0.7753259198500413,-1.0,-0.09526808978833146,0.6180948666609687,-5.5353587124607895
-0.09328552223798159,-0.3429021508035755,0.3551032763371224,-0.6662842230424622,-0.9551619173174102,0.39429607703095493,-0.08861190839049127
-0.16719344842966466,-1.0,-0.5014119432191583,-1.0,-1.0,-1.0,7.764583838535493
0.4550933856708636,-1.0,0.9471498257792682,0.6597170497233869,0.9420676724544048,-0.5049076244017516,-0.11267317103452612
-0.5187028862231671,0.7634149672333316,0.28537296490564146,-0.8143217066720534,0.7052796859245047,0.5274725260632377,1.5655712920258786
0.7498918765264715,0.0034632094292820215,1.0,0.242837266414905,0.04916139672023086,0.7009258757242445,-2.316824154855178
0.5766310909778146,-1.0,0.07974224997093893,-0.28350499128253986,0.3270585000916877,1.0,0.7467491262445911
0.29867294464822863,0.06135681879281707,-1.0,-0.6133281695512822,-0.7461809953477596,1.0,6.992791036524627
-0.5779781707004001,-0.0308700994204526,-1.0,1.0,0.4831398041263607,-1.0,3.4938435054286394
0.9838911271483799,0.024189919297813944,0.2520532865852761,-0.4551171043273513,0.16801771902589802,-0.1652103734403833,-0.7194396512489778
-1.0,-0.3087608492460796,-0.7252005733810714,-0.9281988148733142,0.8438406289992112,0.16661343657122207,1.1259915919029313
-0.7478490892405373,0.5280343331172279,0.6321281725786126,-0.8939362613658647,1.0,0.27333278032380337,1.504783093084324
-1.0,0.12142746629407919,0.8583096135727079,-1.0,1.0,-0.2029816556016592,2.7283698197376034
0.8031539961142802,-0.4646898137929861,-0.9637261428974211,-0.14473179124435184,-0.4518253949622799,-0.7060251846057212,3.200566029385972
-0.2578129375942903,-0.9183399523241251,-0.09908807551299144,0.13273954803676535,-0.9305397387094471,-0.05121526518732805,-0.6322808631094878
-1.0,-1.0,-0.4617619755803748,-1.0,0.3108941975263152,-0.9579938161360031,3.896918287470244
-0.010753351798602151,-0.39610172794612514,-0.6376344894516854,-0.10354780795540419,1.0,1.0,4.420017225871151
1.0,0.2743442758626462,1.0,1.0,0.02644397001095411,0.32544287639615044,-2.932628874991578
-1.0,-1.0,-0.2651856014392134,-1.0,0.30047926347416687,-0.7422389911847325,2.271494918905234
-0.19591067092728334,0.6230728173194418,-0.6081982785529034,0.7499779755885645,-0.8899448078934149,-1.0,3.208016960248062
0.6063138345881552,-0.8846771862132552,1.0,-0.27377353826680495,-0.5910505176657741,-1.0,7.2924984828185595
-1.0,-0.31013900686929863,-0.8030982610293135,-1.0,-1.0,0.2736130937540833,-1.9919994606417628
-0.9883213761582423,-0.5641584614249643,0.6921445638459471,-0.9433550179018881,-0.8100287540899127,-0.5291337901470355,2.2297152897631074
1.0,-0.13919029975243297,0.673314195054291,0.4678715321333369,1.0,1.0,-3.3562789694619797
0.5660147866367045,0.7724799378702416,-0.1917088180915379,-0.08561560331182741,0.4255956478463525,1.0,4.369274433602259
-1.0,-0.7282638442007461,-1.0,0.18961068415687027,-0.6706720247208837,-0.14437349260747734,-4.943834725474327
-0.4691616847127147,-0.05054450019542567,-1.0,-1.0,1.0,-0.13595438655344871,0.3711107674219441
0.469285083308982,1.0,1.0,1.0,1.0,1.0,-6.686009717922405
-0.7781969874875513,-1.0,-0.7888687745334804,0.3633349675445441,1.0,0.24353027524046178,-0.8840762351088753
0.2777412354667182,0.6745359943125906,-1.0,-0.04922792407509591,0.03780933065751957,0.8214785188504807,4.360783088643943
0.7847760885407551,0.39570523961509785,-0.12252742035015507,1.0,-0.1704759718668214,-0.30933247332457964,1.2379068405858908
0.10002235468839649,0.11964714998349191,0.9481817036397311,-0.08058533222234932,-1.0,-1.0,0.4781504762668878
-0.8372467227430858,-1.0,-0.7057323132508422,-1.0,1.0,-0.1215767493772062,-3.070452056868168
-1.0,-1.0,-0.7343338730642477,-1.0,-0.5102206667364269,1.0,-1.9795201033142535
-0.31550078880704135,1.0,1.0,0.4443743621924794,-0.07089119144540701,-0.11975906674446934,-2.908031372796307
0.019845787725570663,0.27320324368728643,1.0,0.5295438705297384,0.9695056970942532,-0.2185947281023023,-0.9868130641706683
-0.18147401091472704,-0.6396541479797522,-0.13042382229921468,-0.8288973025736247,0.8971757752148273,0.9759277875388956,2.738119689130647
1.0,0.7335143520597432,-1.0,-0.8242736177266191,1.0,0.411155977175452,-0.4343575032672766
1.0,0.014498706895083036,0.19055610562745046,1.0,0.8491666751255775,0.14561223731411443,-2.167737609648448
-1.0,-0.4337140655777987,0.47140281480034857,0.9566209245318626,0.23224386422939336,0.7042339656917533,-0.38543866540274657
-0.28796232435731683,-0.45261561697134467,-0.20131760234953688,-0.44382016374811895,0.5430292126457228,0.4070386206650696,0.24958266257419148
-0.2028960653974216,-0.16881075159890352,0.6961447900143392,0.5036876377325115,-0.1313654115901851,-0.5895196493907586,0.5327824591493944
1.0,0.8747613046795197,0.19919757098395308,0.6738929321830294,0.15475461967924262,1.0,2.0416967501201846
1.0,1.0,0.21664794256494813,-0.2950394158325092,0.8694049251436712,-0.4499979677091569,-1.2704579757401109
-0.2671389208107111,-0.3383785234076906,0.12425299588146976,1.0,0.4918660225644121,0.368501960445172,0.683322849175498
1.0,1.0,0.6914649795874649,0.3328755720261102,0.5690113080815956,1.0,-3.03042464377636
-0.18895872914174977,-0.21226283672596696,-0.18563625203063372,1.0,0.6841885767208957,1.0,4.0964178091085905
-1.0,0.20388203468380695,-0.24500089699325078,0.4405706928445133,0.5852101433953816,1.0,5.553066107331084
0.6010921230048629,-0.42877437287917963,1.0,1.0,0.46214239546184444,0.6643664282470931,-2.7851575067674137
1.0,0.2609230005664538,0.26373662593176306,1.0,-0.6460020117015127,-1.0,8.533334157852497
-0.5454355768122578,-1.0,-1.0,-1.0,0.9911831365602908,1.0,-0.5641807542475031
-0.4990522218665079,-0.7534181373833978,-1.0,-0.0023566913663313205,0.8970574662084577,0.29831694872152514,-0.9072905981244576
0.0444051900425948,1.0,1.0,0.039539308419111074,0.8577662054833644,0.6431953095718367,-1.4407300378551127
-0.3519225104984063,-0.7731178362672231,0.6009480674444136,-1.0,0.1304568009443111,-0.2778478034465408,0.5522828206011565
0.7411141056143666,1.0,0.4460333540714825,1.0,-0.287050113215034,0.8695343883384403,1.4207780796068856
0.4807477043653823,0.9553344395226282,0.3809984796542045,1.0,0.1718383043029611,-0.2236908850424431,-1.2627406025978658
1.0,1.0,0.39714532508800837,0.9899782803161594,0.3192445631377429,-1.0,3.7540117888614235
0.1840023116870117,-0.14490963667729861,-0.6611086907593539,1.0,-0.3971551642829015,0.41515987230307055,0.3750711483549774
-1.0,-0.7645071242211816,-0.7321668690275169,-0.20976636436362095,-1.0,-1.0,-0.2992243803449717
-0.5854762691060662,-0.8109550030683892,-1.0,-0.927832137632381,-1.0,-0.01707762952327485,-0.8179137281248029
0.4699867805792437,0.33237568621715385,0.9561667010521555,1.0,-0.9352602209443044,-0.7043169032986968,2.431417291953753
-1.0,-0.5506312642541741,0.6802361884895087,-1.0,-0.19584929179897392,-0.7674501544919807,2.6401951338929366
-0.4154594437248431,-1.0,-1.0,0.09545172337998464,1.0,-0.42093711309760656,-3.4177916017561882
-0.8931317115832896,-1.0,-0.32427443806444645,-0.8460195595865538,-0.644437876712111,-0.4699574600202423,0.5634386434281315
-0.2504665995058929,0.07929596951980034,-0.0483125998674141,1.0,0.928766455562101,-1.0,1.6287929385783346
-0.8579445835716862,-1.0,-0.7475610541792005,-0.09180059422985856,-0.09517377648866193,-0.6895271598826438,-1.1666047712084442
0.042948173049522254,0.7668333067541548,0.48724908059231,0.6944013467226879,1.0,-0.09462051534934986,-0.1996112494815217
-1.0,-0.5560188171581566,-0.6216736339125838,-0.2098362188153684,-0.6331700215909633,-1.0,1.9005850948025291
-0.8515297380842864,-0.19812654960005466,0.5440892480357175,-1.0,-0.39465523672864156,0.25114507495802024,-1.936739324217247
-1.0,-0.6644795208127616,1.0,0.4388889694747571,1.0,1.0,-0.3345688844231537
1.0,-0.9020403762266709,0.09260710703097264,-0.07661405506567487,-0.002211097869919798,-1.0,6.305566330751956
-1.0,-0.35378956903682734,-1.0,-1.0,1.0,-0.5865709374820028,1.6123625056438715
1.0,0.1829027450637325,1.0,-0.3440105653689563,-0.4633808072017237,-0.5146397752245275,3.41677275951899
-0.2918045030473315,0.08757710074120612,0.19234077159295931,-0.22384995233847182,1.0,1.0,4.509270202258664
-1.0,0.09462798625495572,-0.0726880099613903,0.8785547969464482,1.0,-0.09532461273721908,3.7610543835674797
0.5314538970922125,1.0,0.3495815064992456,1.0,0.1503042515959685,0.5598454904499564,-1.4604010769373392
0.47045674455035036,1.0,0.3772368517527038,0.07198665151559636,-1.0,-0.2646257772935958,0.31324671094415596
-1.0,-0.759125660122199,-0.8279893333687283,-0.10528810845625558,-1.0,-0.5570845680686948,-2.800974736983819
-0.14267557673832532,-0.8758460924696747,0.10966143746630261,-0.17485830925166235,-1.0,-0.9595509644254783,2.898524774698915
-0.5344087667774302,-1.0,-0.3262389319697372,-1.0,0.2512449506958153,0.8282968574607001,-1.8238153949078115
-0.9723273718059431,0.49326864014390637,1.0,-0.7130172612148499,-0.4901930481372512,-1.0,-1.4584903916521939
-0.7203818452035151,0.21400427043806408,-0.4334589428021565,-0.2883656140500619,-0.3964106373366285,-1.0,1.5751047704437415
-0.2827246491309265,0.07323867213764357,-0.06735772999278611,0.5360705569277545,0.340858530157363,0.7404665012206624,2.2363714085598922
-0.15181855258777488,-0.23253177691135796,-0.23077339029954924,-0.4351062849937085,-0.8734800352367629,-0.8382123034670554,1.1545139993273028
-0.6267278041447283,0.42651478750041316,0.4180727857739473,-0.47423399068768385,-1.0,-0.7921142894347168,-1.0103197074877852
0.5057691592548147,1.0,1.0,0.7505952428791591,-1.0,0.9895838430583013,-0.9340357469846011
1.0,1.0,0.8040359145772841,0.18861878763575327,-0.549935876508949,-1.0,3.50164443926892
-0.0971203396685685,0.27658117600922344,-0.5743017912835318,0.24520870807895803,0.6875270017618604,1.0,5.095978575015002
-0.8010272174181103,-0.7496572180291934,-0.9212423061655245,0.2364188295327131,0.14466206446832303,0.2910373169813888,-1.8089655332972374
-1.0,-1.0,-0.47280528954166545,-0.5783160454916079,0.9730652668222421,1.0,2.7675044382495
-0.006402070601385645,0.6313361033149116,0.23452966825495847,0.5440585676386134,-1.0,0.7358698920298626,0.4580021508485882
0.7930230506926036,-0.5015314315516262,0.525451902335083,-1.0,0.9755618285561727,-0.013764041123010856,-1.2379603009402087
1.0,0.6125940100788134,0.12062492590346377,0.22729335034968487,-0.25869145135940363,-0.5558541109176391,1.4023817959841656
-0.6060134986339119,-1.0,-0.6688523895865907,0.08136324195621097,-0.9544342289938952,0.08316820712722617,-3.2148977350405032
1.0,0.1420900360207218,0.7254159816933581,1.0,-1.0,-0.5236358641889887,5.137939545902778
0.1957106859845821,1.0,0.8710373702911732,0.950470763898824,0.8891290630625192,-0.2571742613730802,-3.94458503942141
0.9650786365919531,0.23760609887619077,-0.1178892043400502,0.8979366936640177,-0.6593434821163457,-0.9331027559504086,5.2483694982603755
-1.0,-1.0,-1.0,-1.0,-0.19327029104448668,-1.0,2.7506625780694525
1.0,0.622752380681489,0.8632608855137498,0.6135519146331159,-0.007452576056778959,1.0,-1.0804179015182083
0.5325742295341378,0.37382987858330297,-0.5474224204959447,0.05382783311531536,1.0,-0.8068721339152036,-1.7523039804179086
1.0,-0.45248663434881403,0.991539358412763,0.3547293885780587,-0.06860063479825274,-0.08556820095415618,1.181470809734899
-1.0,-0.18293513762293823,-0.22933768100362117,-1.0,-0.30451607372755785,-0.2815488336598035,-0.2172460220884894
0.35582363942056017,-0.019587866411540422,-0.10076882314921065,1.0,-0.20715545587622786,-1.0,3.3393491599971146
-0.438741722265209,-0.03411075953253939,-0.08245174016102985,-1.0,-1.0,-0.3950412532535976,1.6750743447886127
-0.42663615066675353,0.4569622076040344,0.03466841536605378,-0.13821629038550295,0.6850100610622338,0.7478367347739368,2.8674297479736772
0.564872176545109,0.38494523284788906,0.8835170951770095,0.22840177846425735,0.2474352443519258,-1.0,1.2367693688731531
-0.016319269220959942,-0.08293969893621711,-1.0,-0.32785871425301827,0.531005960024575,0.49667374815323084,1.5999852077083958
-0.8417538802369366,-0.2658788667186728,0.9628384696429977,0.36090105769068875,-1.0,-0.26543873628555337,-1.6528812876750083
0.17831913395693938,0.10451895807908351,-0.27436683220417335,-0.6539317830570134,0.8543830417575485,0.4417634365851959,0.8748521290984833
0.41529831786870264,1.0,0.8523665440131769,-0.20167564079777267,0.3368202889135957,-0.2516602990172162,-2.043645609666218
0.9017518687368495,0.6784299050445616,1.0,1.0,-0.3597155617067651,-0.25546622941694075,1.013358590846843
-0.26299882769391103,1.0,0.42165271355741385,0.9491260744557968,0.41595948148757333,-0.7714078221729944,-0.07240547841097866
-1.0,-0.07924837376554718,-0.6107133133925978,-1.0,0.22921558209404203,0.40810322552566913,0.06754714057508528
1.0,-0.6766012503246821,1.0,1.0,0.29963847852458264,-0.9045756799179663,1.2895535074900768
0.5338093150482641,0.9506175566256249,0.22773804228792538,-0.9672655381787907,-0.31906671272205944,-1.0,2.5453955732833746
1.0,1.0,-1.0,1.0,0.3205024278669011,1.0,2.405447447267689
-0.011340990178946159,-0.0007764690070903579,0.6262480796311911,0.5835241578022574,-0.048009618991786185,-1.0,3.699503111621479
-1.0,-0.12516980440718528,-1.0,-0.9700884497408968,0.670760022569317,-0.3990312492261687,-0.7252149760604509
0.12888198811756366,-0.06038929043222763,0.5751231238291117,1.0,1.0,1.0,2.5592047042993418
-0.7138432851971149,0.415168933982519,-1.0,-0.6810234463621258,0.7843896853993798,-1.0,5.865924372624989
-0.4752280054366872,-0.5884497929446029,-0.6076489884286391,-0.5606435570249999,-0.7284453926510825,-0.7541346729533456,0.6934855202584792
-1.0,-0.753388101198826,-1.0,-0.270966218796177,-1.0,0.7189312910394232,-1.3092431646846545
0.0842466907409617,-0.4963226694760985,-0.6525110545415775,-0.35658113179533735,0.8934918152475131,0.005774144963596184,-0.18750350130966853
1.0,-0.3601735949994747,-0.739195310790123,-0.895560971684094,0.2933404665245448,0.5409222383942223,-1.1998179955523227
1.0,0.7943801357521794,0.09158319173540441,1.0,0.014803736124152977,1.0,2.3211550517567687
0.5043013862038682,-1.0,-0.60745040770108,-0.7111059587727375,-1.0,-0.532215022533852,5.141348929541471
-0.12955362633635403,-0.5587166276083673,-0.1287700336495075,0.45269174312859795,0.2560746549451889,0.5558681769801523,0.3151446396881732
1.0,0.23542407423262324,0.7062541798069464,0.38907168910020795,-1.0,-0.7879293089371149,7.094201902682692
0.8848416249269722,1.0,0.27498508456441095,0.11674782512525139,-1.0,0.5155709046598776,2.736417139854849
1.0,-0.1524698990036149,0.5773802963147181,0.24801311016793215,-0.21891252222202318,-0.7688153513751302,4.4948975844264565
0.060204254750303,0.9553043236912052,1.0,1.0,0.14774902656960665,0.3408023562140491,-4.511348080583209
0.08718899795951256,1.0,-0.1577799569493334,0.9400281370108754,1.0,1.0,5.012446075183403
0.7228579356966491,1.0,0.503871625591485,1.0,1.0,1.0,-2.4578861274971264
-1.0,-0.325113833837841,-1.0,0.16173672159190877,-1.0,0.08331457109032686,-4.226434104448041
1.0,0.6371962000469422,-0.016490235476236015,-0.7646329352455706,-0.5570974216025351,-1.0,5.284941528288686
-0.6979070451611956,-0.6443810598815654,-0.5248165163581884,-1.0,-0.18760368997465848,-0.4540755653672539,-0.8507810534484838
1.0,1.0,0.558407361956851,0.6964185915681027,0.7036833359684085,1.0,-1.7640183068012254
0.5913461524277261,-0.35667402705702644,1.0,1.0,1.0,1.0,-2.4165158179033073
0.6235574498240344,1.0,-0.23381379459064766,-0.11250353888491571,0.08135031135510173,1.0,5.293276399183921
-0.30724411129070095,-0.014306073798049823,-1.0,-0.35500744785386373,0.8644377391957241,-0.6942067130448508,1.3201615749960882
0.9946987040362428,1.0,1.0,0.4178775815895692,-0.8454245142232111,-1.0,4.572394200276636
1.0,1.0,0.32177371709863206,0.4435286358637206,-1.0,-1.0,7.108431102119582
-1.0,-1.0,-0.41838077491655556,-0.6555639786380623,-1.0,-1.0,2.4878167693344517
1.0,0.38253849462309963,0.9706906127550434,1.0,0.503916163096029,0.71441545467247,-5.245814994129384
1.0,1.0,0.42620847951661056,1.0,-0.09394627289241475,-0.47980372282958206,2.233590678809107
0.04014076972375548,0.057086457198595175,-0.5128719398111616,1.0,0.844958581638204,0.011497123332661369,0.5292151799868872
-0.335226839599636,1.0,-0.513583310067697,-0.5998690222723884,0.039156975765452635,0.5641952817137958,3.761750607959809
0.4984543608012581,-0.7325669869270246,-0.7456797510902151,-1.0,0.5730668357647689,1.0,-0.39652536432330354
-1.0,-0.07356827787285858,-0.8635631570735087,0.03284179472373416,-1.0,-0.22814400561960424,-3.214742495990412
0.025203248925674368,0.7403284095386852,-0.8874586233959392,0.6294069630914896,-1.0,-0.21571530516729798,0.3037582688853223
-0.8264339027473255,-1.0,-1.0,-0.8627427780897194,0.33582873309480454,0.5369674370713169,-5.632975732050688
0.23519912894471662,0.24795241129635137,1.0,0.2925740717233887,-1.0,-0.7272765492991351,1.1578151384453153
-0.06845163104148977,-0.8586792162965747,-0.5833372234211125,0.6945003439811243,-0.4984643862080005,-1.0,0.732036399947134
0.3950102762672496,-0.48469342637182505,-0.37574729894876513,-0.45852259911621907,0.10323315304151692,0.05100549418840328,-1.042324267290778
0.2904384891811856,0.9831884091849992,0.24090756776918965,0.505227803693182,0.7448853157309563,0.3270158460451018,-0.4497074165448175
-1.0,0.19759652615020723,-0.10769771364937947,-1.0,-0.2204626704494781,-0.4851617307438403,-0.7395372061915337
0.17868732527100384,-0.7781365142555948,-1.0,-0.0949190840050611,-0.6038371606654751,-0.7661865954839133,0.8971555804716693
0.08970406484888549,0.8200553240684352,1.0,-0.534367923804067,0.039621901346773736,-1.0,-0.3437904022225874
-0.21331193993844602,1.0,-0.6499224295930413,1.0,1.0,-1.0,-0.2939013479623209
0.5298105285799211,1.0,0.40846327489395673,-0.8806564648970944,1.0,1.0,4.750819193888535
0.5263653568186417,0.5901538459472291,1.0,1.0,0.12741614263327422,0.21792823356357782,-2.5986619092082717
-0.8233709215235927,0.23586551204935735,0.09973847757568388,0.863072755786348,0.2938399641484286,0.3873779024738796,1.4452300710800272
-0.21702597130651569,-1.0,-0.560262203435353,-0.10583735528828986,-0.048083769266260123,-0.0424715818437984,-2.5559913836347867
-0.5273318276577418,-0.6228389873135933,1.0,-0.7398037662651235,-1.0,-0.40212994613598396,2.1416810711442738
0.09878828785831315,-0.9296413866695639,-0.9098271638765307,-1.0,0.4122654723415209,-0.4499936867223364,-2.7617936930772
1.0,0.2887984937667141,-0.02774604501349004,0.10718067487084848,-1.0,-0.11022014677666858,2.601347199950193
-0.5210697214368906,0.14260037103712608,-1.0,0.2837721578356525,-0.7429160759160085,-0.25683502222425947,-1.1545174158775746
-0.15482106307541355,-0.7744011251476586,0.24243701091920755,-0.5334890864900912,-1.0,0.2893261178524715,0.8112722019050768
0.7944874941369053,0.23728462265858957,0.5724430272811614,0.5846760384282412,0.31311263270753376,-0.1737482799207909,-0.05143875808116394
0.27095044602494334,0.5777456937820491,0.15445503717725217,0.24326117643375644,-1.0,-0.3832891400602836,0.09659865038269333
-1.0,0.780526554188626,-1.0,-0.7917700397164547,0.26019457999991824,-0.2535430186570259,0.6907126383447589
-0.55644608765179,-1.0,-1.0,-1.0,-0.5494961891886371,-1.0,3.3461121446439726
-0.04581931956992169,0.7214817621308081,1.0,1.0,0.022523596929050427,-0.29504648440531434,-0.7179730884710953
0.9235419957676501,1.0,0.5737748487255354,1.0,1.0,0.8223985509968873,-5.321139320767458
-0.5906198006839624,0.5920796427978885,-0.2390308716414209,0.1153021395732794,0.2822909913695407,0.3233442974155134,0.8236575949422318
-1.0,-0.3305235940291069,-0.5312709398868033,-0.44473279556297984,-0.7779932543200712,-0.2876252068755998,-1.427502959233044
-0.6100827120029053,-0.8220691486839202,-0.44436955846849857,-0.4910537899197064,0.7705403781731262,1.0,2.8639622687980886
-1.0,-0.8400155805055777,-1.0,-0.7172136861034282,-0.6630079686454775,-1.0,4.338717422580871
0.20657146026682954,0.03742620415765008,0.387319784793446,-1.0,-0.08964499468735032,0.662686664588096,0.7867720044534611
-1.0,0.031482950229954565,-0.07788171300056823,-1.0,1.0,1.0,6.710753391183825
0.054910185571534736,0.16921052952452376,-0.8742369524360517,-0.9874015920874614,0.7982750786418387,0.7331810330485491,3.565423432718114
1.0,-0.9019314158747849,-1.0,-1.0,0.740768330521188,-0.34945456114438783,-3.3410911699548085
1.0,0.6836775699410729,0.5621652029340212,0.6719520913853569,0.445253670740935,0.4700090161697479,-2.1029648007850854
-1.0,-1.0,-1.0,-1.0,-1.0,-0.28208034831492235,-2.480655939003417
-0.20582388581768032,-0.2574412564328659,0.4810801637129044,-0.3666340237121504,0.12834609348716802,-1.0,3.78932097000433
-1.0,-0.30676738565962886,-0.2753796626923384,-1.0,-0.7658574383890596,-1.0,1.2679366683890474
0.3473378923305474,-0.2031174310363872,1.0,-0.8069291933389602,-0.16384992365974704,0.7646427877346521,-2.6052799748485174
-0.5551413763025951,0.09108455680751582,0.5812481576943922,0.44776360098372114,1.0,0.033648468892668815,1.768120689058879
0.6964022870864626,-0.05923110178408775,-0.1686629990916722,0.9361905516317526,0.22833721097121296,-0.19571082823981845,0.34390427465041845
-0.4981755418966427,-1.0,-0.2801348514647102,-0.7671284752607825,-0.7319562857183041,-0.9988679882206281,4.461201374025989
-0.9180925112177644,0.32644066228280344,0.37093788389342613,0.4223808467725862,0.4695237662828584,0.9762781609594706,1.6399469426873567
-0.6329719590489107,-1.0,-1.0,-0.07484839762896073,1.0,0.44080733537919903,-2.3804501477141216
-1.0,-0.28857292042652016,-1.0,-1.0,1.0,0.9602123999276275,6.139203260498067
-1.0,-1.0,-0.5343221376339382,-0.2643469868241853,0.9760225810065812,-0.15672252248500235,-0.12874871216511957
-0.7951851101800491,0.18892146389969555,0.2741014141316185,0.5788904233054124,-0.13766705189641204,-0.58896553947966,1.2838238031436071
0.04286296948032131,0.006233473633759146,0.281050213404676,0.20476056957682326,0.8795227383780649,-0.7241656248016213,1.2354869667722495
-0.47954871524927734,0.6626055292853844,-1.0,-1.0,-1.0,-1.0,-0.14812445224363516
1.0,0.08928721530927253,1.0,1.0,0.8888574936609813,-0.09932877631579434,-3.6532643085637133
0.017298006570474644,0.04010767283975414,1.0,-1.0,-0.6807514870152633,-0.41119131606051496,1.1952899442845153
0.6020411414284947,0.4708370287586638,0.4411689140192684,0.3773176581169628,0.35266386491117724,-0.005972474411069351,-0.7836923165099572
0.7567399612414839,-1.0,0.5834133910367431,-0.21689215682575647,-1.0,-1.0,10.401842608129359
0.037137378791497255,-0.5575681085404888,-0.8267237392543674,-0.6167117381889607,-1.0,-1.0,3.4981785893022153
-0.5632300491628158,-0.5855151499558593,0.2654636378648214,1.0,1.0,-0.05173968084279057,1.727763967225419
-0.37622195176429063,0.6685887323240154,0.8175127385855459,0.011587667193942552,0.22103392812889278,-1.0,1.29158264057052
1.0,0.2745255294969806,1.0,0.9336897330890237,-0.41875240472650105,0.20346769497755135,0.2784247876125764
0.8244592824321239,-0.8224454265261907,-0.15379813624617356,-0.7972076118479354,-1.0,-1.0,10.244981627943465
1.0,0.436414136182421,0.6099097277112419,0.4710513633920167,-1.0,-0.7415952962457864,6.196649968681561
0.33568052846987506,1.0,1.0,1.0,0.16418811447983084,-0.5684395933361746,-1.7580344239085557
-0.5152199090851289,-0.42074927969176,-1.0,-0.7509922767750029,-0.10279158971880653,-1.0,3.7576377087934207
0.15241295430626206,-0.31160753000030333,0.5540517537407444,0.6609533272754884,-0.17033643732029916,0.6120466855280232,0.2920827654505763
0.9049775585080251,1.0,1.0,-0.25473921957728296,-0.40235107728358516,-0.2557625493098037,-0.6969663113197399
0.7326884205249913,0.7290299878102435,1.0,-0.07432080713857103,1.0,-0.19277178862459743,-3.225071652634018
-0.8277102028634489,-1.0,0.7752059128533985,-0.13378985951868638,-0.9170221237327191,-0.4424057706743566,2.0296484521424896
-0.1831302402709415,-1.0,-1.0,-1.0,-1.0,0.7748582697251599,3.250429520913102
1.0,0.7053154286392151,0.31412063609726504,1.0,1.0,0.36678751547438315,-3.093458660527506
0.797979626016112,-0.6185328382652256,-0.258045227166114,0.006092585881791179,-0.5461517364268652,0.7625834969673928,2.3268873213767245
-1.0,-0.5464826538172757,-0.9557091236822703,-0.05615675967317446,0.21416049724782543,1.0,5.864917377996606
-0.85970384811679,-1.0,0.16846204131132525,-1.0,0.86007109940631,-0.7740873668324533,7.234824812015834
-1.0,-1.0,-1.0,-1.0,0.450235297318927,0.2691698559468121,-7.706209188251262
-1.0,-0.41632012122964834,0.12396534454776592,-0.4428171300331897,-0.8842711148539009,-0.3157143019609483,-0.6928735755172954
0.5062868831442319,0.43186853413814486,1.0,0.21459839349116427,0.06333967946263597,-0.6502132490436119,1.677651041280933
0.2656156818855224,0.8456067294979888,-0.2567856135088152,0.5851632387499199,0.034579873773625536,-0.5684040673861107,0.3883476920300368
0.8368531578193383,0.4393188172263063,0.4797217017633497,1.0,-0.18261874959949398,0.16573945320291644,-0.5303870367810475
-0.41548881957843997,-1.0,1.0,-0.46102690577635846,-1.0,-0.5215158448495011,4.311924183415426
-0.7011300041284109,0.7859412827783874,-0.3612194951805582,-1.0,0.9738567505491218,0.948181443351067,9.944730848299216
0.21778562957968103,-0.8762325660466596,-1.0,1.0,-0.9125451708720904,-1.0,0.869929762830298
-0.9907559695116668,-0.6674474282230991,-0.4728142532877917,-0.8009520011712876,-1.0,-0.9405250411407218,2.873102689706516
-0.45533567608785996,1.0,0.3338585216366583,1.0,0.4181612979825823,0.2318355135242861,-2.4964802444961247
-0.6649944573305773,-0.3714349835872164,-0.45246848481257973,-1.0,1.0,0.27389937582479407,2.186953235997121
-1.0,-1.0,-0.8839816906886988,-1.0,-1.0,-0.8289712581676094,3.8211125088179503
-0.8748151582109964,-0.10432864006662618,0.23090944993077162,-0.05965087124678459,0.6589415055503134,1.0,2.915093929760893
1.0,1.0,0.9105274655919493,1.0,0.12305613087435635,0.17561718730611905,-3.0193873622889678
0.7642138459929162,-0.08984451521659959,-0.9073546026736754,-1.0,1.0,0.5120636509951952,-1.9086138807905222
0.16569748569315657,-1.0,-1.0,0.4258132331254652,-0.43979124398549896,-0.5612591037383267,-1.9208958863204368
-0.3079282162853292,-0.8923012607547897,-1.0,0.21134887483538956,-1.0,0.22241235148245056,-3.425740060455361
-1.0,-1.0,1.0,0.40308952522795516,-0.6046544364153428,-0.7421776509341509,2.453099215737159
-0.7307167319321506,-1.0,-0.09878049842245273,-0.605814843303611,0.707267696486706,-0.7180711318728987,5.046196307351888
-1.0,-1.0,-0.2825572566271748,-0.6341590917189308,-1.0,-0.025879323156334788,-1.0929789276928419
-0.2749745475395047,0.45831212544522,-1.0,-0.8207345169459048,-1.0,-0.3084061018395148,-2.197893799394074
0.7361394655860909,-1.0,0.38792788913152476,0.4322629360368607,-0.6705458118077983,-0.9523499861096137,7.658288104437119
-1.0,-1.0,-0.6089154167405357,-0.147400941821769,-1.0,-1.0,-0.42669795230931085
0.3441167321238764,0.340957635477176,0.6290012266164139,-0.42573849754186543,-0.37872013970738744,0.1261260472811414,1.1052523411086324
-0.012922504594708561,-1.0,-1.0,-0.2775699097989488,-0.8716122978188124,-1.0,1.7987612479892583
-0.3323215266025066,-0.8236898480231729,-1.0,-1.0,1.0,0.023167170693252692,-3.5229415164691202
1.0,-0.40212881134144185,0.594742737849064,0.8332807012272695,0.07785201055871982,-1.0,4.726395877420414
0.12437675375931323,-1.0,-1.0,-0.11354242230258332,-1.0,-1.0,1.5211054292068316
-1.0,0.044997120036681326,0.019717302694506778,-0.5907076389099881,1.0,1.0,6.367251209942319
-0.12958387085730294,-0.841587063177483,0.8322762982419436,0.824352029556471,-0.13462044467114098,-1.0,3.1551379715998027
1.0,0.4224683214193785,1.0,-0.6088753568062992,-1.0,-1.0,6.122529966968407
0.40184051041537105,0.31640461697013084,0.27062423265046814,-0.18980818605824146,0.6236956933914968,-0.7781366473360728,0.9008687678550147
-0.19254836142384069,0.1258602765410644,-0.9992352864945135,-0.5836817665117702,0.624194131743509,0.6470363119792257,2.573244944151119
0.7128579652841943,0.2973766874969498,1.0,1.0,-0.22595908225331757,-0.3613410905691717,0.6135595451659416
-0.35008360410844563,-0.09427258389677395,-0.10435689143113525,0.8083354045683345,-0.2803184142655022,-1.0,2.4550820719290574
-1.0,-0.45301111676132266,-0.47200942995894124,-0.43525468089362196,-0.10938188780555216,-0.41405334907745994,1.0041879250796237
-1.0,-0.29425104992195505,0.03972960429737338,0.08221810516032695,-0.3102635359930159,-1.0,2.4422361826280627
0.40889563145409713,-1.0,1.0,0.7975929009239365,-0.058098934776774525,0.491524959130359,1.456429807621405
-0.6863748685563344,0.6491287532479972,-0.24617368007641777,1.0,1.0,-0.0749851160982398,2.8382466568809077
-0.6566513036539651,0.316121679561608,1.0,-0.28077728666518514,0.28556759378364405,-0.7650286169019292,0.7270165643260803
1.0,0.7162500015752342,-0.6650244078637265,-0.6337580953382536,-0.12624319988687938,-1.0,2.288068594747138
-0.8623808486271549,-1.0,-0.13411824657736754,-1.0,-0.9821400210353928,-0.2320520017609793,2.6708746257414493
-0.6654191309866697,-0.0994815482345624,-0.6364967232269383,-0.34884490595137163,0.9440016029324279,-0.228566254195673,0.8160941636724552
-0.02251446681130309,-1.0,-0.2541193347913191,-0.8031893084564103,-1.0,-0.3604028415640772,3.9578213852044324
0.8418395767616079,0.1020836366023728,0.6816747773921852,0.5687938756222897,0.9106355704058452,-0.2625081062943667,-2.6113903504865354
1.0,0.597824190788512,-0.372448537908755,1.0,-0.3206354406725759,-0.008297584885664289,1.1369283606052927
-0.6275092615991307,0.7831823987592482,-0.8916499548650545,0.403754435726408,0.7729757283074863,1.0,9.661192554708885
-0.8929776494907052,-0.4246222454983819,-0.26092730670164144,-0.09655862479105881,-0.9795464138787509,0.9060490194140193,-0.9095509740945061
0.9169979845693377,0.13494663460658163,0.4086831349636153,1.0,0.17385834094690034,0.7113656938597551,-0.591642076340894
0.28301607000792295,1.0,1.0,0.1000530537311155,-0.2949057039196543,0.46241688802377706,-2.4818711387952566
0.5566950485336772,1.0,1.0,0.9795286291626236,-0.576742598503224,-1.0,2.642340405686747
0.18523025055763187,-0.5124555415034163,-0.913635439372801,-1.0,-1.0,-0.11865926537939497,2.202319232759523
1.0,0.98461015559567,0.030243341912635335,1.0,1.0,-0.7874611011448983,0.7577763212116017
-0.4399590942441831,-1.0,-1.0,-0.9277727099315509,-1.0,-0.9518276896517972,3.7868064625348983
0.07317733064997911,0.02914227426584709,-0.10146221020946455,0.26756866827001446,1.0,1.0,4.039403369396848
-0.3381077433795081,0.3977359748254331,0.42925525331957015,1.0,-0.7770432105255232,-1.0,3.1676691825090266
0.3184663242742861,-1.0,-0.13824832235500223,-0.1937342855630918,-1.0,-1.0,5.90417308315463
-0.18564490581210558,0.8794361338319523,0.772584031651445,1.0,-0.1021814067109792,0.09752482429010012,-1.626833681434781
1.0,0.835536752015166,0.003310146685549853,0.21149522502991314,-0.2205404670455945,0.8647983211174661,2.8026251665038213
-1.0,0.07825801090843698,-1.0,-1.0,-0.11419419436573297,-0.6191328911719652,-0.7145733397639704
0.2465070183003284,-0.8884751110128881,0.9401749229790741,1.0,-0.004351529616700489,-1.0,2.7473947037470827
0.06469468568754344,-0.703062230974258,-1.0,-1.0,0.37328762168691226,0.6173363858413154,-1.4308950832295149
-1.0,0.30069545479317655,-1.0,-0.6934199614098633,-0.540679869604826,-0.3512696944192644,-1.5930239057849969
0.6082271483147766,1.0,-1.0,1.0,-0.4291029782220736,0.7377415873616967,5.657269135221058
-0.8812281846840527,1.0,0.9767989363372145,0.15611081767695656,-0.41803576218690686,-0.6545479791088658,-2.3784071313850967
0.5726768705004803,-0.8017758841038601,-0.09223148864344455,-1.0,-1.0,-1.0,10.094601616260352
0.2145209980923406,-0.1587853960700406,-0.49880801888318715,-1.0,-1.0,-1.0,3.993051664151873
-0.7076147422283012,-0.9853508935381589,0.00552685805459513,1.0,0.6569662810091437,-0.04016187578692884,0.03955880532100903
-0.15041458445130584,-0.27125236189222124,0.34017398098091506,-0.3907771652783232,-1.0,0.5615377183418921,-0.8414660910777759
-1.0,-0.8992008042930619,-0.3513395046695664,-0.5707286687593296,0.8932129075331909,0.7072160243692216,0.8887756670786713
-0.4488320951567484,0.28094691442422065,-1.0,-0.7122993581798222,0.09010716358527948,0.3726505417270528,1.6136391937220502
0.11656841362786535,1.0,1.0,1.0,-0.21768063969461754,-0.8568402438144622,-0.5549737899309192
-0.3174369542777242,-1.0,-0.5493422002922987,-1.0,-0.3582997487647606,0.9457133418692241,0.34149321843860336
1.0,1.0,0.2596435055721734,0.7022934063664639,-0.26911077660596605,-0.7574574179436966,2.77294033029868
-0.41554033543591845,0.2598390648643012,1.0,0.10983168779866848,1.0,0.9492157275314501,1.321830407670539
0.5013402848530162,0.893809096199634,0.9299591184775611,1.0,-1.0,-0.9710892570351431,5.112872401344058
0.8108736594289958,-0.7417546025517803,0.35268985506560746,0.9494117067061565,-1.0,0.19365197564647763,3.8895022216599107
0.6311184279508819,-0.10073052043701003,0.1756531888769378,0.2145473261677643,0.26996986530826445,0.047473042443227365,-0.8177188049726396
-0.6563878266788596,-0.014674472314192721,-1.0,0.055608658624829554,-0.1315646094653955,-0.32203767181658527,0.5535197936250686
0.7137720781017377,0.992384445627469,-0.9393050270539257,-0.13136676238865275,-0.6790414704366411,0.8479311045289131,8.255222144824739
-0.38273600387058127,-0.2092637872474169,0.27107408614134954,-0.7287724085394494,-0.18896808359930595,0.13309475415455774,0.1148921885923776
-0.755136444231011,1.0,-0.5617948524728151,0.31836662045936803,-0.7513264045777912,-0.4860294154073451,-0.08748455142931688
-1.0,0.39194565848589774,-0.6119099789217914,-1.0,0.19049792239808516,0.74147610132325,3.1678897256266647
-0.4737730680799346,-1.0,-1.0,-1.0,1.0,0.550081518471113,-3.977328273599757
-0.05434017214348402,0.852107010958929,-0.8804684874741224,0.14820331309652449,0.6926187484042705,0.6081929400583639,4.610840392123803
-1.0,-0.6143931164337595,-0.829268134809515,-0.8198479006943884,0.19888776504697925,0.4288512753291256,-1.50683123863029
-1.0,-0.4904802311206884,-1.0,-0.6135140721123247,-1.0,-0.33645922680604445,-2.215074498280046
1.0,-0.24088504757937426,-0.6636273502428348,0.4546816768064331,-1.0,-1.0,6.131142092659033
0.8338418062049284,-1.0,-1.0,-0.503561138003279,-1.0,-0.05511968589572702,4.599519741896376
0.07151004455553717,0.6481213211564328,0.7503549560259072,1.0,-1.0,-0.5532147181614131,0.4477681157672353
-0.05571325070702571,-1.0,-0.802588681818771,-1.0,-0.5924753506801453,0.45801852702698226,-0.8090266160031123
1.0,0.5902835225541756,1.0,1.0,0.5436820793974632,-1.0,-0.7054967270007306
0.4019732218331997,0.2268192829911997,0.6716932796267958,0.29728913247298117,-1.0,-0.18445584611396937,1.0163184356654384
1.0,0.30696265279637713,0.286683628269354,1.0,-0.35781794089347096,-0.39223892679590144,2.3186237674171384
1.0,0.19245408398910463,0.7347878045055618,0.6806855937945623,0.4554054020713214,1.0,-1.2852995800112494
-0.507535811865354,-0.1575474464969301,-0.17758310719938264,-1.0,-0.5780460425640394,-0.35936569788343636,-0.9634608173049973
0.732883863994489,1.0,1.0,1.0,0.6621006962853784,-1.0,-3.7298782529417918
-1.0,-0.605177105318988,-1.0,-0.5857365245730999,0.3233779660573528,-0.20923069580647224,-1.5528527998717063
1.0,0.7160686295579143,1.0,0.2339439970469196,0.023852664184903886,1.0,-1.1559412143095227
0.8983539655460273,0.5209381660512067,-0.33582754783234514,0.2209384910692177,0.9558991289946391,0.7951807184925543,-0.8349398136177146
0.2602700023661767,-0.8522049832976102,-0.6731144598447159,-0.446033090297538,-0.32368552949772234,-0.9180213344336032,3.1221468166153756
0.034760504610431064,0.8582688368790728,0.12333628454203593,0.9236913728638225,0.8813776913275913,1.0,3.482599682006827
1.0,1.0,-0.454141575060049,0.3943850568528571,-1.0,-0.4796431713281688,5.575076352052235
0.059409572651262454,-0.8671714941368098,-0.9961353611202913,-0.4923480665273885,0.9182629558496403,0.568669639684517,-1.6355353761501588
0.09190621868512194,1.0,1.0,1.0,0.2764896986917852,1.0,-6.9014390895717765
-0.5573623841454325,-0.22651441497544617,1.0,0.356692534285842,-1.0,0.39275842529975125,-3.1582022443177227
0.07986579940116506,-0.7353831945419873,0.06469466022391324,0.04206415752540901,0.22499503921523187,-0.04603292239777246,-0.30643166990772575
0.35078013813302195,-0.8885039353581381,-1.0,-0.23868742082652494,-1.0,-1.0,3.6242155295138443
0.41102000470978517,0.6594426141138177,1.0,0.6423437433868209,0.06127712197783902,-1.0,1.5635114654707807
1.0,0.17148069994630144,0.14994161766875047,0.3773120421694802,-0.30799707783836955,0.27590477829231685,-0.020935365245071225
0.6111029012320142,-0.33332893685759424,1.0,-0.20724681364989828,-0.04367377798856098,1.0,-2.3553163140817883
0.5347448290256034,0.7880838949235641,1.0,-0.09536264499523994,-0.8371773191961644,-0.0006681137447286378,-0.5244215966371913
0.8452775214655764,-0.23890543336436687,0.8053849446356935,0.20916080740373605,0.0466695501808303,0.4504798634743614,0.6305694897432128
-1.0,-1.0,-0.013653506630037865,-0.43556770768023345,-1.0,-1.0,2.892598043114406
0.20686464436004376,-0.22465477051066296,-1.0,0.35410077428653547,-0.35656822594779203,0.24783938855857174,0.8922522248336457
-1.0,-0.7877023420607854,0.6559528229372333,-0.39325114108368076,0.8458117676326448,-0.7468157746377839,5.202538292529577
-1.0,-1.0,-1.0,-0.266184284901694,-1.0,0.7097539040247177,-3.1602144321889445
-0.38316935618568493,0.891591070816731,1.0,0.15110088411633715,-0.4235899437419557,-0.4612136513502361,-1.8885067360323577
-0.23192509911545006,1.0,-0.39842749278919354,1.0,-1.0,-1.0,4.179007445596476
0.07101796166517407,-0.2957942112095323,-0.4713462263734953,-1.0,0.1990228476240043,-0.8367660836280486,2.06090296104922
1.0,1.0,0.9845583926838588,0.3308125180139492,-0.3238455171949888,0.38573850348530925,-1.4560137708591268
-1.0,-0.5873194760215859,-0.9251804690224249,-0.18247455358360032,-0.9587875965720047,-0.8676984123167699,0.33527336034731414
0.3128216229899451,0.8009268757021495,-0.32465190992749526,0.6284431619960448,0.8526656185329449,-0.4760641404810615,-0.31109652177393915
-0.17305473555202677,0.7280844062432623,-0.7143338793237055,-0.4931148193327083,-1.0,0.8518290597483089,6.0803605628831825
-1.0,-0.4337349346713022,-0.7313149752062829,-1.0,0.4240502428570223,0.38187356689195245,-1.6909926881184982
-0.5223888524087295,-0.07188158352427987,-0.9355631942887461,-0.34830526861737865,-0.2631429470810937,1.0,6.411624984649805
-0.9234341949884598,-0.21892901914239898,-0.5980141415421125,-0.5650303530390293,-0.5219989326620152,0.3718529283389158,-1.5291238393775446
1.0,-0.1718320859300384,-0.9014847580669443,-0.5826885032594004,-1.0,-1.0,6.69924204504159
-0.17660741835840782,0.23695756517030495,0.33513371367494826,-0.8532825257731006,0.6275677159943416,0.5601231992079354,1.3786083146508854
0.5056696457072869,-0.6459772835479709,0.26568972723544954,-0.505368630559407,0.45975268192367824,-0.08641329017743857,-0.514681208712876
0.803364867460769,1.0,1.0,0.19348269530613327,-0.1518621059395851,-0.49850135202560464,-0.36882962459838087
-1.0,-0.14110443686142493,-0.8186162927930436,-0.2544449307874903,-1.0,-1.0,0.47605273112738355
-0.9032052995761702,-1.0,1.0,-0.8575992725047185,0.3800935982339696,-0.43858297220346554,2.0552505076852716
0.15311428247797787,-0.6498227573234847,-0.1946761281884607,1.0,-1.0,-1.0,4.460812437854003
-0.12919557696081693,-0.16190607202857643,0.9203431973430555,-0.08529953333262519,-0.8917871655919742,-0.15024407285672708,-1.0479921855041914
-0.2552941498835324,0.8275958082582451,-0.4056028637304897,-0.4920599647600129,-0.07734852926318764,-0.5117540160634304,-0.2846660340345345
0.7758416703016169,1.0,0.18047470529816412,1.0,1.0,-1.0,-0.25770373005916136
-1.0,-1.0,-0.8921924028564232,-1.0,1.0,1.0,-0.35542430285494014
1.0,0.47793457582937404,0.37614083783882135,1.0,-0.6440474486797294,1.0,4.476158663671985
1.0,0.5683506109731613,0.4242545767119902,0.6398100300811345,-0.38734135017729965,1.0,3.381084683840328
-0.1326548041599317,-0.4912557419900677,-0.7520924870460797,0.146423419929971,-0.8261002505251658,-1.0,1.4518476614380205
-1.0,0.2422295977197121,-0.2935198553168933,-1.0,1.0,0.22550890585389172,4.8882321447517265
-0.29894038772032133,-1.0,-0.7149632628104275,-0.01162767086262706,-0.5657021679025711,-1.0,0.9366306072068026
-1.0,-1.0,-1.0,-1.0,0.5741323879368284,1.0,-1.9373716774632894
0.5333267350150674,0.6864248016463439,1.0,0.7803376199549473,-0.38695382425368746,-1.0,2.3366672260848627
1.0,-0.41046153773525856,-0.08759316419206226,0.5056422258297084,-1.0,-0.4098222742989628,3.987665689450893
1.0,0.4691639330088263,-0.7633146532206487,1.0,-1.0,-0.6266449483715799,5.078907760592109
-0.6728464503585604,0.25729282309592766,0.4709152234260423,-0.7581079316928742,1.0,0.8645448150035209,4.659821834658242
1.0,-0.044160369584688164,0.7247213082715473,0.39207931667629603,0.8489860619374185,0.5526632174810269,-3.712213475994311
0.31158350319275896,0.6929315570106008,-0.8047083607691974,0.5420958880723664,-0.4207754836909454,-0.5555901593660348,1.631886266371371
0.29479428006942054,0.11110692238770925,1.0,1.0,-0.026682956526191792,0.2666057882378159,-2.213305104767271
-1.0,-0.677998488560454,-1.0,0.12040887437793943,1.0,0.6293798487687456,-0.45723418618751743
0.8507704541160244,0.775886589773631,1.0,-0.13347898601725122,-0.6800821954491036,-1.0,3.666635207089138
0.1716704920759866,-1.0,-1.0,-0.6643114384741569,0.44091867067021384,-0.9595865337823941,-0.3260392429557877
0.17633484452284498,-0.4278831393298921,0.515021380346123,0.4677799066139129,-0.8486989718493876,-0.23939980198469302,1.008802508727887
1.0,0.04540584193235539,-0.24568153250290775,1.0,-0.20766873536380293,-0.29932578780323615,0.9335972054241706
-0.6607787349623835,-0.8004620376622484,-1.0,-1.0,-0.16393841458305602,-0.5319791423388328,-2.205142083474521
-0.10530292349458958,0.6929226397360796,0.705562297765783,1.0,-0.019093199383570125,-1.0,1.786879487900301
-0.5156141204222044,-0.2913281454637243,-0.93810231660314,-0.053711694009653255,-0.016565260768740014,-0.5238780903127491,-0.34344650739672045
-0.808844820101517,0.5243658112382701,0.9613852849261941,-0.13757905110009722,0.47500947538387295,0.9495694655918598,-0.740043072020932
-1.0,-1.0,-0.5979527836905946,-0.966663376575355,-1.0,0.16244407962956517,-0.9441962392474836
1.0,0.05441494406248637,1.0,1.0,-1.0,-0.2927467984942338,4.93565967495064
0.9544173238995585,0.2825002091851466,-0.755290013452236,0.37121540032808314,-0.399040741232543,0.6420320767097182,3.8152338964268027
0.12099632302030229,-1.0,0.3528189388510581,0.8954035509383975,1.0,0.13384468732470656,-0.41143558737671737
-0.3903938956106623,-0.6349090347579592,-0.2589073511038616,-1.0,-1.0,-0.10279720110758261,3.2249821141338186
-1.0,-0.9388835600342644,0.6695174694564798,-1.0,0.3126540951621867,-0.5442762177624978,3.934049576994266
-0.14208748972011687,0.017249510658781886,-0.10496546957809397,-1.0,-0.5975365180665664,-1.0,1.8117663871908827
1.0,1.0,0.6307637209890857,0.5948338873865684,0.6735057959153401,1.0,-2.8642229193745155
0.3008067105695864,1.0,0.20420959390360194,-0.7617418289022179,0.1928016562672858,-1.0,0.5007117215574661
0.27896045498741784,-0.3971474967429867,-0.6881253158932792,0.6787900428985085,-0.8190415960999693,-0.5080064449996057,0.23143493092718903
-0.5242109190692084,0.2959765714578117,0.40211277874553175,-0.3567177149892833,-1.0,-0.32737289070448106,-0.06371508190734221
-0.8190068075029868,-0.14334780697465582,0.4838833685541836,0.060131156512245876,-0.9959221766677765,-0.6794944985431768,-1.9014567493043408
-0.1882622332249656,1.0,1.0,0.49167099118802715,0.0584848164106877,-0.37610675041687863,-2.539343225232294
-0.5044637559914196,-0.33589890060234145,-0.8691924642211931,-1.0,-0.9103849641011676,-1.0,1.8115554347513272
0.5924976294882209,1.0,1.0,1.0,0.23995532961355426,-0.4141966604167048,-2.6185564329564253
-1.0,-1.0,0.3924076363268979,1.0,0.150131024175169,-0.8211708387903747,1.0917660622964247
-0.23668026401567438,0.5870366166587924,-0.6573176211279352,1.0,-1.0,-1.0,2.4252507470829108
-0.9560558432381362,0.30744789830091723,-0.43518662142471987,1.0,-0.10174154476130548,-0.7096960498192737,1.409400651658566
-0.7962675067298304,0.41863187448753497,-0.17212472347007657,-0.5863956547482709,-1.0,-1.0,-2.346074423197505
-0.29444482430040647,-0.5280601473946794,-0.3379276775736971,-0.42128984482038845,0.5781022931726195,-0.34158903663988327,1.3032366809499765
-1.0,-0.43539191454177084,-1.0,-0.027875784779176405,-1.0,-0.9598393062542477,1.3878298543945653
0.16536975002927112,1.0,0.3044502982081978,0.35064904837867317,-0.7506794484449988,-0.08787576656648666,-0.9257521660174718
-0.41040730307185336,-1.0,-0.6405260780544985,-0.10179469998424757,0.8486415818428006,0.5233783427414795,-0.3947659279382573
0.6565521832860839,0.3478710761425022,0.6431543925050613,0.3996171229601938,0.36138216392314204,1.0,0.03528453734333434
0.008171327934875072,0.12593747443791434,-0.11791623483202507,-1.0,-0.6606193186333706,0.30805633540079946,0.3219161867742619
-1.0,-0.7497199116833728,0.12902802965023752,-1.0,0.49636574894810065,-0.4609479562642601,3.3821436456748835
0.15570379472130902,-0.3444780962155586,-0.01553018116859363,-0.6410925405456919,-0.04239689496738919,-1.0,3.6761160729122397
-1.0,-1.0,-0.41066149907613214,0.023735525940996594,1.0,-0.13111307992813104,0.7161898434829406
0.39823723117768406,-0.274688536006364,-1.0,-1.0,0.996618655228219,-1.0,0.5410302993538281
0.040531744622947674,0.29922611183331627,-0.5273639960634944,-0.16251748265478344,-0.7259344059920695,-0.3422401585027609,-0.4325275818084042
-0.032525175875547374,-0.5560869162858237,0.7081406967133563,0.5983078832749964,1.0,-0.15425354831325333,-0.37788099261352637
0.5455976207175859,0.46585992341238147,1.0,1.0,-1.0,-0.2663991390556224,2.2589323440716997
1.0,1.0,1.0,-0.24227633213678246,0.10039356777516217,0.9035964440986184,-2.2889293090046907
-0.29985561473874,-0.025206055064000976,-0.6189207929775965,-1.0,-1.0,-1.0,0.9117866085023241
-1.0,-1.0,0.16620606311465413,0.13261067744201327,0.10748226200668703,-0.768558512409806,3.508237302933674
0.4029434695232055,0.16117183857424355,1.0,1.0,0.738889337182282,0.5738629237019148,-3.452247286012808
1.0,0.817945462559891,0.19373859643160674,-0.30232337160099737,0.6732389006544837,-0.06571865250064624,-1.6817984859437938
-1.0,-0.8552678902033126,0.3544910969767668,-0.07459997829115705,-0.1390255439842416,-1.0,4.312345321482158
-0.2536793354502509,-0.7895286447612274,-0.3812021700153966,0.10257160060398651,0.814468494039314,1.0,3.784266970568483
1.0,0.17238645154542231,0.9932162455247491,1.0,-0.11598630153686168,0.11977609967891326,-1.3450326400477932
-1.0,0.09229968129397137,0.6188663903114567,-1.0,0.5849789489032112,1.0,1.251224804322193
-1.0,-1.0,-1.0,-1.0,1.0,0.9323361885175558,-2.097514726409343
0.3942856384725036,1.0,1.0,0.11040410862816313,-1.0,1.0,-0.3912572368102136
1.0,-0.6098268229724331,0.2888785676640133,0.20252809430143753,-0.2228217211892527,0.8715126377628539,1.4256376677094424
-1.0,-0.7539772897786949,-0.4636826773718099,-1.0,0.5043661046599882,-0.21592161101260648,-0.6653027610024047
0.7548545454153773,-0.33493457979606767,0.7510755824210171,-0.006249119532969222,-0.395891758483086,-0.2990085703332068,2.704764232159388
-1.0,-0.8124150864915418,-1.0,-0.3578199609189008,0.8080512994740412,-0.02216676176620641,-4.205371227680625
0.13410306628823104,1.0,0.5894871190830542,-0.2816423020864057,-0.7380346866723391,0.6647318764703305,-0.10048621194485396
0.6340047132540059,-1.0,-0.13067844314040455,0.12368302907836345,0.4593534474539944,0.5645813976730074,-0.3030847605615665
-0.4677072870369158,0.6631695227365642,0.5256678262207447,-0.7020441728558118,0.9333415251067262,-0.9469720468909903,1.8625296634055168
-1.0,-0.14162310065882228,-1.0,-0.4588847886927945,-0.4112636533769019,-0.34615463638270555,-1.6721700246031
-0.09594004707341332,-0.4158000740392436,-0.695566919368541,-0.22379656599537084,0.4236977526219949,-0.9403332940695867,2.568928056730753
-0.37509582320562435,-0.015638437568919805,-0.5177373245512004,0.009013487132711107,-0.8915969719877402,0.2673636156041913,-0.3239254691662759
-1.0,-0.20224766111749792,-0.12749177740954465,-1.0,0.6978784200908137,0.30976607055586025,1.9776969833065265
-0.034194012789452444,-0.8691472648762935,0.19416466731420357,-0.46979119512321166,1.0,0.9531591674044702,1.5571070961277547
-0.260721473104328,-0.9188175332738383,-0.5997077570338524,0.15061858874958478,-1.0,-1.0,-0.11341319814720596
-1.0,-0.9673651557199086,0.3289684898043282,-0.0087838085628692,-0.5644563461181382,1.0,-1.6607214841661666
-1.0,-0.3226692088569806,0.3111382955769884,-0.37394188734956624,-1.0,-0.3318499730758715,-3.198326001130216
-1.0,-1.0,-0.28745939401622245,-1.0,1.0,1.0,1.5155512821624508
1.0,1.0,1.0,0.00985199535396819,-0.21545969795952197,-0.573341405245184,-0.1501930625191792
1.0,0.5684448632358234,0.031001078690894524,1.0,0.7566077821041961,-0.13104865136469035,-1.1659102914098227
-0.5414950271699256,-0.4252787246376177,0.19428590091170117,-0.3090306250192295,0.20960311545030796,-1.0,4.455553584490014
-0.7851722828411755,-0.8213671599847487,-0.8241242930450742,-1.0,0.8379133024792962,1.0,1.8069936484654872
-0.6749552283752188,1.0,1.0,-0.31201736887986176,0.20917767548779365,1.0,-1.575508672266126
0.04813430953963893,0.04665049684868938,0.43707940852994587,1.0,0.13410985191116026,1.0,1.3348896220861728
0.1296574373882352,1.0,-0.3803369638740351,0.06527611188802929,1.0,0.7490380654182662,5.329496149122328
-0.9862675976033553,-1.0,-0.9499798859332409,-1.0,-0.26203767520772847,-1.0,3.4611055329480176
-0.5856999304651316,-1.0,-0.24818169316536987,-1.0,-1.0,-1.0,7.154260163136101
0.7518674284856013,0.3777775880826626,0.15753065322270898,-0.4160218353500027,-0.014576842632241238,-0.37338607015670056,0.8704165000393739
-0.7070975959726422,0.14692674013877113,-0.263261221777111,-0.2960630043236445,-1.0,-0.788714531140849,-1.4691300393436892
-1.0,-0.5184646016385601,-1.0,-0.0009651079890227177,-1.0,-0.5355843059901202,-1.999291233450578
-0.36416318558697713,-0.000752632872950576,-1.0,-0.6349144626867356,1.0,0.8283479493550133,5.101303275874978
0.3048741857869971,-1.0,0.48432342007214885,-0.7372545422213439,-0.7019589747621116,-0.41199538874104635,5.724191296187073
0.14299076301758407,-1.0,0.4804539671357883,-0.2632663842364331,0.4867137864201878,1.0,0.15765247188755604
1.0,-0.36826864679077786,0.31828063837603016,0.23274168409820772,1.0,0.783354221608151,-2.755018296754616
-1.0,-1.0,0.8694491099946062,-1.0,-1.0,-0.5136488324515753,4.8798038522761225
-0.5541945058560842,-0.7839755596802167,-0.6431058216131815,-0.8401509362411628,-0.005706373675715137,0.2815475124074073,-2.341393578281789
-0.5096493001340643,-0.55092626842964,-1.0,0.039761822320090685,0.3828815626020784,0.335958600351808,0.8867299041874241
1.0,1.0,1.0,1.0,-0.8998979000095172,-0.5671310155482874,5.708669603713384
-1.0,-1.0,-1.0,-0.2301899370285635,-1.0,-0.77605295608481,-2.069241863490588
0.2715444924753879,1.0,1.0,-0.5174624734358215,1.0,0.9889679986654307,0.10268807762892684
-0.014564891773492628,-0.6077017072032077,-0.5678033342112773,-0.0456389112319493,-0.05970799896730458,-1.0,2.6638961140981543
1.0,0.010565671529743081,0.035284221312837705,0.36872926371356096,0.2937053779609408,1.0,1.913561236864512
0.438565409138048,0.5542219516630155,1.0,0.8555463558540267,-1.0,0.48814313496556905,-0.22046053038431282
-0.10381884282762832,-0.17339634722080388,-0.14021446860982784,-0.4384163722237558,0.25076592382218565,-0.6351724174928549,1.5902399261420195
0.8026991024884663,-0.8859794611463578,0.9380018018564895,1.0,1.0,-1.0,-2.9387375943262217
1.0,-0.10564571124986362,-0.18957567764530242,0.6803597691733144,-0.5388197122823823,0.002037045466180998,1.2350910168978608
-0.054125688666623706,-1.0,-0.7214598363796793,-0.3284849530189355,-1.0,-0.064433202781351,-0.28367991578713314
-0.8814662955692265,1.0,0.8490635568884491,0.8692827792417214,-0.07553570010196142,-0.7866506657993177,-0.6490449084370445
-1.0,-0.23879316259017813,-0.6615867141080647,-1.0,-0.6142754659905256,-0.030779818191207786,-1.3430676361691254
1.0,0.7333236185433325,0.033321076382515136,0.830063797019813,1.0,1.0,0.04335820854727035
-0.43929331476771205,-0.6215898620068115,-0.6426071383165709,0.04594967691889196,-1.0,-0.670141985104385,-1.2208260659028916
0.9075024240200783,-0.22312589372280422,0.21714444314690506,-0.4856459647546797,0.1946091398622034,1.0,0.8074490549092782
-0.16608884525191792,-0.8749617143101376,-0.1786673120672,-0.1763717981272407,-0.15146330768880256,-0.9062897321468935,2.880123427422246
0.11643078089570347,1.0,1.0,0.384969664126138,0.16596126931942812,0.6432205056896503,-3.752201637385723
-1.0,-0.5797945305665007,-1.0,-1.0,-0.21966765904370397,-0.01606174343606337,-2.9715939001242218
1.0,1.0,1.0,0.5870206627789143,-0.8698880516883389,-1.0,5.625746928439709
-1.0,0.17077737118680703,-0.7482172600241872,-1.0,0.5109407719090873,-0.31031291107911085,1.433246054556816
-0.8956738598532524,1.0,-0.8985780604966578,0.4830066029497042,0.2186757731453881,0.5156477055745585,5.534256887276017
1.0,0.21356425291905354,0.22727015970654985,-0.03727976204028194,-0.8742167376335652,-1.0,6.935382870627016
0.7018520208415419,-0.9443864441493282,0.5028007062112083,1.0,-0.8277882020386123,1.0,9.694555127312775
-1.0,-1.0,-0.8897464464222373,0.05584503475446495,1.0,0.15877356870823545,-3.8579298127768573
-0.8162032384251496,0.6046694727755065,-1.0,-1.0,0.9100469723792031,1.0,12.111154134764664
0.4353429307156191,0.35282656082949243,-1.0,0.00730161470381363,1.0,1.0,4.27681494832301
1.0,-0.43058335649052987,0.14258440459998561,0.47745789282388795,-0.34810483386857527,0.1406823353413008,1.5375372563186087
0.23590775775061112,0.26601582618012554,0.3723664657776363,-0.20090554003406708,0.52239554041751,-0.6982062076282622,0.43924960225365883
1.0,0.6045017367435479,0.2594816155284103,0.8344031904104622,-0.06814891795378875,1.0,2.8239244362907536
-0.017066990229013534,-0.19382061373437443,0.6043674912775802,-1.0,0.6910424141452655,0.4838710954929284,-0.31395227919117763
-1.0,-0.1281778025748319,-0.48374221656448935,-1.0,-1.0,-0.9821976388448257,1.4798521876988318
-0.08256593598500728,0.4564990421706995,0.4345343100342164,-0.3894120063722166,0.8636132726269811,1.0,2.665305493095169
-0.8526334825119606,-0.26048279705223765,0.372493870250437,-0.5840422811705616,0.9195027348964079,0.3313820613945542,2.1056126133819935
0.8762869844277811,-0.7601154119875841,-0.7451384811127746,-1.0,0.5917675055835072,0.9527992682365254,-2.890307313347557
-1.0,0.07735929182600765,0.021629600656249748,-0.21385959437257573,-1.0,0.1729672305477984,-3.026599750003227
-0.5160572287931218,-0.3935767886938978,0.47883246258931667,-0.728138455358733,0.17007140806244492,-0.2744504481534111,0.8087394923801834
0.377733419244363,1.0,0.896118726113829,1.0,-1.0,-0.03802355453913053,1.5587772630752073
0.17858278378636327,1.0,-0.04609303030705994,0.20180806825488973,0.28107772199285397,0.18383751834517792,-0.5485141955352428
0.1499222465858705,1.0,-0.1604211860564605,0.6384787073150706,0.9521385808594468,0.6767697792133501,2.516862007289258
0.4463683901104591,-0.10397162054618816,-0.08565273607609483,0.20945911583780186,-0.30966445673500953,0.07756216428541152,1.1198317361234273
-0.6932257061392344,-0.7060317324502663,-0.430439119636423,-0.3227271693154248,1.0,1.0,5.005537602399579
-1.0,-0.45498167242445875,-0.15906027732045613,-0.7062918534496436,1.0,1.0,6.400790561180324
0.8843166885501925,0.7266842088121623,1.0,0.05709171699461457,-0.36903135894664185,0.4193531239688597,-1.3692467884845938
-0.034652698121244385,-0.07897951558453598,0.40633474963107136,0.06628032843579634,-0.17750935936312506,-0.27349970977442517,0.8894943271191296
-0.9090937858178069,-0.2718091424681891,0.07110219711129107,-0.8327703686646787,1.0,-0.1648968090132547,4.751257023402783
-1.0,-0.8506039640819123,-0.05522289958193449,-0.9811529884159087,-0.8771081076182741,0.6178642349968427,-1.388187948247143
0.5080026098194752,1.0,1.0,0.6831078694232955,-0.6864788283453923,-0.6300104522570376,0.828459099006792
-0.8898020592811537,-0.9206930480599291,-0.3189825344609134,-0.2673011464057774,0.27974382526075847,-1.0,5.0868537764313615
-0.5149535796053588,-1.0,-0.24575522330536448,-1.0,0.3146554701076964,-0.12256463945255303,-1.0732015904957775
-0.5895216942045688,-1.0,-0.7031811977102449,-0.017220932623103744,-0.3934832611914102,0.4061697562989684,-2.299288584192487
-0.881066556692285,0.9711120385742369,-0.022110602428352277,-0.36888441776210507,1.0,-1.0,4.352995758643896
0.47665748627012183,1.0,-1.0,0.8762284195477109,-0.07433821352957742,-0.11481848798219885,1.4652489864393772
0.2263367720990147,-1.0,-1.0,-1.0,0.6739554172028706,-0.15045176840818372,-4.777639540610226
1.0,1.0,1.0,0.7429222843844787,1.0,0.9320786813530774,-10.351640230617202
-0.1633785550766924,-1.0,0.03896897034535576,-1.0,0.9315065862726168,0.1460216466117703,-0.07144415729176956
-1.0,-1.0,-0.6739998779761791,-0.4710122545334907,-0.11048961407979996,-1.0,3.5274447447484376
1.0,-0.6337826480576519,-0.7530463661550469,0.4169684112030184,0.7558656695828523,-0.5606353505211918,-2.6691079881229416
-1.0,-0.28659281620548627,-1.0,-0.7171347348965003,-0.5710591637535231,0.4925765898461365,-0.46395180376304124
-0.49329748194368617,-0.45933996555058804,-0.321500821319597,-0.9368673545868852,0.8505173020256243,-0.3677308718955571,3.055444201578045
-1.0,-0.5139551007115042,-0.5890330701969104,0.6380770282550291,-0.5764290780257445,0.4144163742672149,-2.0142686096294833
0.27396160860453345,0.057112651993622254,-0.23421841549491468,0.5679823074899395,1.0,0.815527068414974,1.9989532513044104
0.6731567932015969,1.0,0.21857950363295964,1.0,-0.7044772767360481,-0.1499906751090988,2.9373991274086144
-0.34537896539600543,-1.0,-0.1740574114703365,-0.23282590299625172,-0.4709962983781785,0.2763806536847939,-0.4209105181374438
-1.0,-0.8218162409030187,-0.7804877364274807,-0.16528468260698448,1.0,0.809555483841224,3.0327019565946522
-0.20082077764700745,-1.0,-0.199127924100734,-0.9727605559355919,-0.06062149437557052,-0.11347910064158653,-0.7837711576393938
-0.7067196269182193,-1.0,-0.40306959139977017,0.18166098978651857,-1.0,-0.8318779398028368,-0.6697934638399908
0.01647879236377542,0.506216627128123,-0.5359724651749409,-0.6489671715441843,-0.48444957697707575,0.19791558909998608,-0.07118924993400033
-1.0,-1.0,-1.0,-1.0,0.4713928961742415,0.25327444354317824,-7.619666497019567
-0.43798275548062754,-0.017193739806746766,-0.2561506719836121,0.45694835106593223,0.6794390181906478,1.0,5.17474585400701
-0.19213094564786043,0.9567711494277532,-0.45373060165545387,-0.3931455288562843,0.007210168369493208,-0.13582831564939638,2.139561082679707
1.0,0.5596357949769992,0.06905407589009915,1.0,0.6861380067910097,0.5230623207318268,-1.7405795839262297
0.5182864316590203,-0.8216516221745105,-0.9920726707308145,0.4441860349662414,-0.5715387333537367,-1.0,1.9939198017462891
-0.13544905613569697,0.8979795828591617,0.9756256833238507,0.31684447896847523,1.0,-1.0,-0.81203426076907
-0.5394019034573331,-0.19246019927626598,-0.615780195602738,-1.0,1.0,1.0,6.502515193372365
-0.17893999277463604,-0.9590590113309932,-0.4007380034459602,1.0,1.0,0.5807757809905665,0.4888151242062371
0.26705134399238983,0.33844075411329416,0.7598318783240429,0.411847392934489,-0.3643761110556212,-0.648777984205288,1.9906834300813168
0.4724490348416685,-0.25294730313769825,-0.4312826737575747,-0.17522510886049814,-0.0971472381478583,0.07522616811804939,0.5929335844964458
-0.3270687334273237,0.4173860810342782,1.0,0.04371030239122575,0.019371785878755876,0.8170596942622183,-1.39048054311589
-0.47276798608159887,0.5437528269860039,0.8193267770484565,0.01306194396318483,0.7407065258123926,1.0,1.0481570839315686
0.9348791165408361,0.43849108432510553,0.05645288789935021,-0.10227594316996402,0.0793465410444536,0.31496320789692567,0.16969925884176434
0.44806742317696235,1.0,-0.111564255163692,-0.9108087487296251,0.11953056838884257,0.8949170835512459,5.808166250293684
-0.39840055749106884,-0.18119721510017173,-0.2905799043539855,-0.14886095863469395,1.0,0.42606376234709575,1.7434650405414083
1.0,1.0,0.31377679136393466,0.2667750219354954,-0.24167810211898028,1.0,3.158314442357768
0.29265205100326513,1.0,-1.0,0.5237688760248538,-0.7222701130888792,-1.0,6.00250427036173
-1.0,-0.8552048132846802,-0.5370994229350554,0.7768220625491857,-1.0,-0.47996861080526115,-2.937967927073814
0.9344171733438142,0.46910634292774533,0.8171155410519958,1.0,0.46520913180484635,-1.0,1.5713065604691288
0.017726193068329676,1.0,0.7734283998748565,-0.49508369312543876,0.5100801618594553,1.0,0.9044236727129193
0.8996692411739415,-0.6057645842477604,-0.651489946821909,-0.3541073457220896,0.06887936565322306,0.8339392342728223,0.7203357362491187
0.6938420261809919,0.6567132701051902,-0.10301485323060378,-0.14011407898244682,-0.9426883539799344,1.0,7.683763916513244
1.0,1.0,-0.05639773533158354,-0.35883387298400626,0.084167384460208,-0.4006478808387439,-0.8241872935474192
-1.0,-1.0,-0.04643614436406951,-0.2272964033661785,-0.24623768408620883,0.2455550519790718,-1.5560332449138314
0.7716499847899392,1.0,-0.39162146195303965,0.3042927989330326,0.6656578989460888,1.0,3.6929760589428593
0.15149874282567732,1.0,0.4395003954749248,-0.45070981184346665,0.2576466160512332,-0.6797933693023146,-0.7371900937587834
-1.0,-0.49923801422632885,-1.0,-0.04911845834985962,-0.22006736139634053,1.0,5.250806104023734
-0.11431870252173104,-0.6329154964186763,-0.5564003380876625,-0.6422854303410326,-0.9800623952089628,-0.4626421582924265,1.086382274064135
-0.2826862171473287,-0.8890257902017045,-0.7127116802179218,0.713892169150235,-0.0015558757206247664,-0.9643361076716462,0.7246242934794872
0.9984232881872805,1.0,0.8969001811323553,-0.048803984383480215,1.0,1.0,-3.462583825267523
0.9915911447204758,-0.47420046577279884,-0.33384084557891364,-1.0,-1.0,-0.6865908324271749,8.464184952953001
-0.6461226253260408,-1.0,-0.5692193476226799,-1.0,-0.30836351578788646,-0.6154951164417668,-0.055338075221199656
1.0,1.0,1.0,1.0,0.0029945942478493692,-1.0,2.163384980891338
0.6011671756766798,-1.0,-1.0,-0.8707516938165486,0.0971151550243553,-0.802725533668974,1.2725044457705694
-1.0,0.3197313570264998,1.0,0.38814675780150676,0.9849938530233167,0.2098846081094563,-2.8568439557929084
-0.762780420414084,-0.7289808855687647,-0.7754322829183595,-1.0,-0.04078626356128923,-0.2263460307823475,-2.3686151108217377
0.22093617067365878,0.6432315526341953,-0.6545583977821506,0.04333447979368865,-0.4202462391807695,-0.746512045621971,1.1973935482736537
-0.5821238561737403,-0.9474227216766409,-1.0,-1.0,-0.1992438907584424,-0.11286482012687665,-3.1123598657992426
-1.0,-1.0,-1.0,-0.26326452507062514,0.8608195956087903,0.007605556258905688,-4.926513217614236
-1.0,0.3066022081643095,-0.9954186157310052,-0.1567938128950076,0.26525860646253185,-0.9132036511089321,5.958219206281986
-0.26527468179813085,-1.0,-1.0,-1.0,0.5559441991577168,0.5031794053512761,-6.078450202470486
0.18272576248456485,0.2955588060121437,0.3960182890040944,0.572179008441364,-1.0,-0.7725953042364473,2.3158849570711815
-1.0,-0.8897138545851877,-1.0,-0.7487261292969012,0.9269598767293901,0.9655317770228372,1.871440996305595
1.0,1.0,1.0,0.033182318606406636,1.0,1.0,-6.453160222469334
-0.4656909254814743,-0.18469794912837198,-0.8089011984909291,-1.0,-1.0,-0.631217543016729,0.1852439002795349
1.0,1.0,0.31957700291816216,0.5975002964175269,0.00815024601301606,0.19340924135754123,-0.004640997681367165
-1.0,0.3336950669940585,-0.14551079727245447,-1.0,-0.9985489945314008,1.0,2.782265844027789
-0.9101301293440958,-1.0,0.28259333629067385,-1.0,-1.0,-1.0,7.6585817529289555
-0.9522433533103782,-0.3657249747937372,-0.6982309050564532,-0.25583038272677094,-0.11546394246327152,0.7925749737709591,1.993458827720001
0.9208594985849692,0.5943662494280852,-0.8970742465192685,-0.3014702236935316,-1.0,-0.2784046894947627,3.6332195357232298
1.0,0.12984001323565675,0.34815478979490927,1.0,0.40715599860253904,0.8695578069378098,-0.12544057204015677
0.6662064468565125,0.2083764188098846,-0.09909479360914064,-0.35031087307805886,-0.2869920752821531,0.9691871203233803,4.603184237697912
-1.0,-1.0,-1.0,-0.5082016984332154,-0.9402739211505163,0.6503767119275211,-2.5461706371469144
1.0,-0.4232607133798772,-0.23329786151760823,0.055163893248812546,1.0,0.5909217461907323,-2.1799428718871954
0.11704671532251365,1.0,1.0,0.6545696028236454,-0.37173006447014534,-0.549254468025485,-0.8759151385790661
-0.1532865847700845,-1.0,-0.5101606036022812,0.6471730498518528,0.25931242826800044,1.0,3.4318438552263584
-0.0773637435206157,0.9255449454311813,0.09663608971809079,1.0,0.659283817983153,0.2208371454635741,-1.0148173273599168
-1.0,-1.0,-1.0,-0.03550220181070163,-0.2309739429658384,-0.7336907330627767,-1.6857597822956751
0.8377937019254162,1.0,1.0,0.7960724583825358,-0.337282471108715,-1.0,2.72510732808458
